"V1","V2","V3","V4","V5","V6","V7","V8","V9","V10","V11","V12","V13","V14","V15","V16","V17","V18","V19","V20","V21","V22","V23","V24","V25","V26","V27","V28","V29","V30","V31","V32","V33","V34","V35","V36","V37","V38","V39","V40","V41","V42","V43","V44","V45","V46","V47","V48","V49","V50","V51","V52","V53","V54","V55","V56","V57","V58","V59","V60"
0,0,0,0,0,0,0,0,0,0,0,0,0,0,0,0,0,0,0,0,0,0,0,0,0,0,0,0,0,0,0,0,0,0,0,0,0,0,0,0,0,0,0,0,0,0,0,0,0,0,0,0,0,0,0,0,0,0,0,0
0,0,0,0,0,0,0,0,0,0,0,0,0,0,0,0,0,0,0,0,0,0,0,0,0,0,0,0,0,0,0,0,0,0,0,0,0,0,0,0,0,0,0,0,0,0,0,0,0,0,0,0,0,0,0,0,0,0,0,0
0,0,0,0,0,0,0,0,0,0,0,0,0,0,0,0,0,0,0,0,0,0,0,0,0,0,0,0,0,0,0,0,0,0,0,0,0,0,0,0,0,0,0,0,0,0,0,0,0,0,0,0,0,0,0,0,0,0,0,0
0,0,0,0,0,0,0,0,0,0,0,0,0,0,0,0,0,0,0,0,0,0,0,0,0,0,0,0,0,0,0,0,0,0,0,0,0,0,0,0,0,0,0,0,0,0,0,0,0,0,0,0,0,0,0,0,0,0,0,0
0,0,0,0,0,0,0,0,0,0,0,0,0,0,0,0,0,0,0,0,0,0,0,0,0,0,0,0,0,0,0,0,0,0,0,0,0,0,0,0,0,0,0,0,0,0,0,0,0,0,0,0,0,0,0,0,0,0,0,0
0,0,0,0,0,0,0,0,0,0,0,0,0,0,0,0,0,0,0,0,0,0,0,0,0,0,0,0,0,0,0,0,0,0,0,0,0,0,0,0,0,0,0,0,0,0,0,0,0,0,0,0,0,0,0,0,0,0,0,0
0,0,0,0,0,0,0,0,0,0,0,0,0,0,0,0,0,0,0,0,0,0,0,0,0,0,0,0,0,0,0,0,0,0,0,0,0,0,0,0,375.959458723206,189.77001249838,1740.15520894741,615.857399051346,0,0,0,0,0,0,0,0,0,0,0,0,0,0,0,0
0,0,0,0,0,0,0,0,0,0,0,0,0,0,0,0,0,0,0,0,0,0,0,0,0,0,0,0,0,0,0,0,0,0,0,0,0,0,0,0,1747.31634149452,2968.28944077655,2936.06434431456,3297.70153794355,2689.00527143931,140.109031704163,0,0,0,0,0,0,0,0,0,0,0,0,0,0
0,0,0,0,0,0,0,0,0,0,0,0,0,0,0,0,0,0,0,0,0,0,0,0,0,0,0,0,0,0,0,0,0,0,0,0,0,0,0,845.013640558824,3584.14683982789,3426.6019237915,3397.95739360307,3204.60681483113,2440.67982007182,2779.43085794969,122.079189879302,0,0,0,0,0,0,0,0,0,0,0,0,0
0,0,0,0,0,0,0,0,0,0,0,0,0,0,0,0,0,0,0,0,0,0,0,0,0,0,0,0,0,0,0,0,0,0,0,0,0,0,595.765805881309,3627.11363511055,3662.91929784609,4407.67708274539,8263.94695936342,572.890603768694,2465.89879399749,3409.70016383818,2833.86927078712,16.0166993606718,0,0,0,0,0,0,0,0,890.622004713475,0,0,0
0,0,0,0,0,0,0,0,0,0,0,0,0,0,0,0,0,0,0,0,0,0,0,0,0,0,0,0,0,0,0,0,0,0,0,0,0,0,2197.84356184713,2572.41121609905,3290.54040539644,1908.44182380446,6538.11401551022,32.2250964619891,1623.44963605551,3264.90856653948,4405.36435393976,3892.05794464324,138.811394459155,0,0,0,0,0,0,0,3655.53807904784,0,0,0
0,0,0,0,0,0,0,0,0,0,0,0,0,0,0,0,0,0,0,0,0,0,0,0,0,0,0,0,0,0,0,0,0,0,0,0,0,41.9970107359324,16413.8316959603,3997.03878321847,4221.48763652057,204.092277592597,2606.65224714756,1700.76897993831,968.284471502042,3455.12497867699,3088.04117711754,9129.51863558291,149.489194032936,0,0,0,0,0,0,0,4612.62441247128,0,0,0
0,0,0,0,0,0,0,0,0,0,0,0,0,0,0,0,0,0,0,0,0,0,0,0,0,0,0,0,0,0,0,0,0,0,0,0,0,1882.86598132764,6313.55061396851,3659.21069018862,1378.51801531842,7.16113254710868,3766.75571977917,3949.68398891248,2564.29803975079,4621.97490984893,4077.02024379763,5023.90469946404,1671.07563329675,1430.82514288668,181.52259275428,101.439095950921,0,0,0,0,438.664569485741,3030.77338917421,0,0
0,0,0,0,15.3583947071629,76.7919735358144,0,0,0,0,0,0,0,0,0,0,0,0,0,0,0,0,0,0,0,0,0,0,0,0,0,0,0,0,4444.68363621951,2036.85502069272,10618.2442144016,4073.71004138544,1602.88590975475,5030.29369064885,2592.32998205334,698.210423343096,3247.57361011379,4716.18664452459,3046.3016451277,3764.58152976639,5841.96181966909,4200.62706114661,4425.9479233323,4388.57562482407,144.150294246046,347.028486147888,0,0,0,0,5117.75331066698,1701.486814975,0,0
0,0,0,38.3959867679072,3302.05486204002,1539.67906939308,3.83959867679072,0,0,0,0,0,0,0,0,0,0,0,0,0,0,0,0,0,0,0,0,0,0,0,0,0,13.7485283786253,7767.9185339233,6741.35647818277,1847.86847238103,7027.49979647936,1637.88341870136,55.9960143145765,4586.32816233036,4572.38313132889,3687.98326176097,5061.44513227088,5169.31032919214,2736.84509403831,5283.4737759391,6034.17535370152,6509.67867906958,5449.0749719934,3795.95774847921,1863.27602562482,197.539292114952,0,0,0,0,186.10012038789,930.500601939451,0,0
0,0,34.5563880911165,744.8821432974,7061.02196661813,6669.38290158548,2418.94716637815,0,0,0,0,0,0,0,0,0,0,0,0,0,0,0,0,0,0,0,0,0,0,0,0,371.210266222883,6001.23263726995,3024.67624329757,4853.23051765474,2259.02968091392,33149.6404742293,5186.63082588765,377.973096623392,5172.63182230901,3134.46136263808,4482.01654461505,2131.81820056314,1087.35650520402,2929.90055710325,4485.7004653325,4368.41445950496,10555.4068785419,3642.4629896679,1340.06384650954,3347.4901663804,710.073671656448,0,0,0,0,0,16589.4964460062,0,0
0,180.461137809164,418.516255770188,4711.18757642221,7099.41795338604,9231.899156986,5258.84882421937,1107.01355702574,81.000991977493,0,0,0,0,0,0,0,0,0,0,0,0,0,0,0,0,0,0,0,0,0,0,4598.88274265017,2385.36967369149,3732.72545479677,4299.50020064753,3122.36106514832,5358.51144739554,2442.8261244734,405.97110378068,3807.95478209196,661.925852912239,3828.12591759437,3215.95522318124,695.56747721928,1345.71013959975,5803.02009565799,3296.13812674116,4736.82738813238,4272.02189287202,3667.82415359384,3545.02945849535,1713.78683159188,0,0,0,0,638.057555615624,3110.53058362617,0,0
0,1720.14020720224,5609.65366679124,7199.2475189826,5601.97446943766,5731.58661960759,4628.71032293006,2740.53356190518,405.004959887465,438.700385881009,143.926861755745,0,0,46.5645729209762,0,0,0,0,0,0,0,0,0,0,0,0,0,0,0,0,1931.66823719686,2639.71744869606,9280.25665557209,20457.8102273945,3611.19045599688,3359.42747867959,11998.8123749507,7615.45794678241,1538.00196668111,6748.95664369282,1345.50541734339,1556.10626527539,5564.25543700097,766.54375040492,1612.58092677776,4116.62384476716,3909.33625608756,2310.70477743007,2690.27974105244,2188.94891262514,2413.18270367455,4212.39193185668,0,0,558.300361163671,850.743407487498,132.928657419922,19500.6340435025,0,0
0,6405.21159084727,12809.6633953201,9353.26237666219,3190.70650041309,4713.60304656441,3697.91985771653,1329.76628496384,1302.76595430468,3929.90080472625,2620.31551255312,575.707447022978,440.246871252866,1147.18175105314,506.147322878144,148.946133119181,0,0,0,157.094385945834,0,0,0,0,0,0,0,0,0,0,1332.87679313521,5137.66809354335,4433.90040210666,3624.55414402893,4151.40955400662,4174.92191092113,9524.44054904629,5844.58399408393,2376.76079342283,5896.82374209623,3240.91304873146,2913.31172972611,4998.41532236132,528.063472501167,2222.97687617427,3597.07752504827,3349.90802980044,679.897383480959,2487.29126123451,1046.42435823056,2108.86541582178,4799.67090841464,1836.58152669036,112.116895524702,1954.05126407285,3044.06625491621,704.521884325585,3974.56685685566,0,0
0,963.725598194665,2926.06765515482,10847.1193221276,3911.78769988385,17160.5339241256,6807.46789476004,3246.78976176451,2811.40942988549,1435.83621091576,1803.31891493962,1532.3977633994,1621.29376624854,2628.78179853875,1429.30940747087,553.22849444267,0,85.1120760681031,570.499094618035,120.131001017402,0,0,0,0,0,0,0,0,0,130.694189304698,13938.1508946716,6088.81164290121,3049.7504799356,6550.26470428147,2150.09890942617,3474.11894660076,22920.0100675832,2706.3411513304,2976.34475867101,6195.17494333324,4867.21959665086,485.551954954352,3308.73953654914,877.26673657452,14362.0892948358,2654.51261714297,1004.80280244349,2045.35796197188,549.583718313775,1911.32612370683,720.75147123023,2290.38800857606,5039.92139882472,3027.15617916696,1384.85092107749,1581.85102329707,624.764689873632,29124.6688407048,0,0
0,2116.00620473176,3736.1825727112,4630.27378727731,2153.70803129261,5893.38527455029,6125.61196070287,7023.46101271513,3226.53951377014,2488.79411929276,3585.47211491517,3894.49155339074,4271.24127975136,1714.42291209049,1441.07743261311,4293.9042376358,540.461683032455,251.080624400904,327.681492862197,589.954881604308,50.8246542765932,0,0,0,0,0,0,0,0,1476.07554979423,11270.4518541581,7472.63247083331,935.224520540323,2371.34757086874,9426.03361892433,5067.31571319844,2304.45489805231,4308.0513784051,3836.66118680619,1526.85614750706,1790.10720742207,198.900800824674,1578.58015483103,4449.66963182235,10917.46876728,3092.39618007894,5460.35599756108,5423.05010456782,4873.54703412393,1847.25932626414,955.663061853416,539.22887847595,880.918464836947,3758.58544997097,5096.48788954203,1116.60072232734,358.907375033788,19646.8555666644,0,0
0,2639.24466560154,5169.77578742846,8652.57982726949,5517.8629884631,4881.6453132541,4535.98950754333,2450.28000731916,3857.67224292811,2252.76117534672,2789.64123226576,1917.61377574566,2137.73721137209,2294.36350210628,1931.1007727012,2144.8243169162,1485.2057273884,408.537965126895,417.049172733705,297.773767354964,429.699349793016,120.131001017402,0,0,0,0,0,0,0,4843.37289776233,12408.2600904578,10678.4840555427,5510.82724802504,3543.36300273433,16022.5370730438,5923.45785539282,3854.68980307678,3909.27564601455,3775.78895123933,3527.56420286114,941.85379214037,2948.41187104812,3609.30290780591,2811.79053499403,7453.08050191823,4085.36765166952,7009.52129311926,6683.6882297644,6796.41942871172,1158.54125375526,512.534379541497,64.0667974426871,437.789782525028,914.356003705364,2398.70733804829,770.986213035545,5224.09623660292,9384.76321384647,0,0
0,2863.08028216163,6017.34546165425,2723.57234272405,3821.56832878641,4114.40917593783,3037.78927175375,975.386945062312,2625.78215660373,4780.96223953144,3403.44696622408,3775.96354959189,3344.18296432465,4546.3955742844,1793.5513415463,2157.59112832641,348.959511879223,1268.16993341474,272.35864341793,1090.05317154359,1691.07486047574,240.262002034804,268.07645590718,0,0,0,0,0,284.45205907493,553.528331172838,4335.15139467842,1234.83998801487,2432.40856327787,3904.57961951793,54337.2996390182,7453.20597362633,4576.66222907507,2017.32256119563,657.351794552301,3927.26613935941,2568.16034005977,6961.52802886361,4410.28283613655,5036.19509001184,4805.01360942903,7307.07180107923,8013.32917818099,6419.1399345277,6347.95184661291,635.32907463998,1087.56730734023,594.331806321759,781.236144786223,4055.44843888218,372.01104350681,132.928657419922,1183.0650510373,6008.37531538046,0,0
0,344.148033916398,2316.58969056183,3551.15965629126,4583.02239928689,1606.1371885577,3216.324271957,4924.1853039651,3432.41703504627,5251.2065932945,11564.855360015,1625.52690924135,2370.56007597697,3102.91627454473,2119.29069409577,1391.58244371349,2383.13812990689,1485.2057273884,812.820326450385,656.701899559101,244.882425150858,429.699349793016,198.770109166371,313.175960155583,614.533959550578,5.90898038029402,0,0,4533.44381411671,2427.53323932016,5000.20407378131,4130.37728582552,1089.59965315618,1100.8506416262,23941.5593527829,5521.45399940641,3075.88407865279,149.604201518799,181.338426083393,15682.6594749243,6686.57692184126,7722.43012204209,4136.17057628661,7090.29482654803,9314.43665653566,7658.82003491864,4453.8737327033,2683.30628255496,5584.53476929432,1115.83005546013,1417.01940482215,7658.99018521826,2866.50069085987,5810.43685159129,1070.32712201425,412.078838001757,4107.49551427558,5841.96434061864,0,0
0,639.132062987596,3068.57554700026,1537.94914894395,1167.71653866268,5096.64005502954,3852.44875625816,1795.52198883443,2062.15025409368,2892.43187731591,43400.9025101686,1878.5451345363,3321.32250149266,4606.77127208747,1421.37167033732,1783.09799362676,1131.99061170577,1374.56002849987,259.591832007715,2552.53465439181,2462.68552085674,318.809195007721,255.411828647206,153.633489887644,88.6347057044103,47.2718430423521,0,59.0898038029402,2310.41132869496,418.965365945234,508.172312705285,177.269411408821,10039.3576661195,1182.65670920986,525.04931725429,875.51084413614,2276.18578361257,0,1568.57738562135,1752.84697552172,20870.9987488019,6053.14003056815,4706.43647178923,13330.4081729618,2778.01121257473,8242.85483827466,12726.2429958109,39.6606807030559,1632.91618274114,2319.78194024575,1636.56559133679,2471.86773214576,4001.86099748107,6209.64463289179,1647.32471415073,0,4147.37411150155,4059.26355469452,44.1476884180663,0
0,289.200028501175,1225.15641096948,909.59764713709,2660.03298157456,2255.33699705608,553.481030565453,3918.42298691123,985.512069059499,5536.71751228443,11934.8359324764,4357.48477875094,2710.39943520206,2981.38998421224,3149.14681451982,1885.23248490848,1774.58678601995,1161.77983832961,3510.87313780925,6439.27899591775,4163.00122756459,401.976811096692,355.772579936153,93.4760742028914,76.8167449438222,106.361646845292,88.6347057044103,82.7257253241162,531.808234226461,348.629842437347,1796.33003560938,2204.04968184967,2251.32152489202,1144.35033897781,249.429854911899,12896.657271013,2290.8030925957,22.6754413556272,2470.73605538623,2230.46264082574,3998.51229513882,2918.47218771321,9473.55765453277,4443.46939098725,3391.38909471426,4798.37685029998,25616.1316233327,15.7535689115862,1114.3303550997,3736.54424626685,1189.50343461039,3223.5985272527,4439.63363698452,5651.17503074513,6919.46800720669,1786.86569605517,980.952160227048,11705.4442434187,3897.61020605214,0
0,101.220009975411,234.252023085952,788.285315757179,3907.84560050652,1230.12261837773,975.386945062312,347.629257236741,496.131075862145,802.319989684844,2437.75372237815,1151.1614800119,2275.23680755294,2209.49004973369,2476.7614135818,6077.00223126256,2298.02605383879,7860.10022488933,204.268982563448,1064.99540878924,1386.12693481618,438.940196025123,207.919040222427,73.9267698568629,64.9987841832342,555.444155747638,443.173528522051,194.996352549703,165.451450648232,3462.66250285229,1104.97933111498,1648.60552610203,1199.52301719969,1571.74683923644,844.660190497113,3038.50914165404,1144.51557411081,417.051687197793,3045.71003408525,2874.21405342178,8436.77027352987,13753.312126696,8607.59812815707,7952.27107007986,4752.45894848299,5739.24454255509,6769.49431162653,26.5316751214214,1879.32698776735,3533.13473700262,9374.5252095689,2719.4966999457,676.557715596246,4620.9334169809,5716.49676042063,2894.82699769892,1229.8284630747,6104.99462695545,1229.8284630747,0
0,361.500035626468,1613.73615903655,884.952087213595,1432.75521299437,561.52597769835,745.884134459415,1971.024138119,978.761986394707,1086.3062092969,2651.05717308624,1753.82837248872,944.629567421533,2516.96775012511,1693.73031375525,974.533270979781,1123.47940409896,2506.55064020564,1697.98591755866,727.708250382282,1069.62701910024,1113.521970969,434.319772909069,170.955655293995,126.352841956175,750.44050829734,342.720862057053,147.72450950735,1760.87615332762,1500.88101659468,2286.77540717378,880.438076663808,1524.51693811586,1480.23069303538,833.322469819299,5260.70239450551,1819.14656561593,4660.09972233493,4308.76759253679,17050.3455124911,3778.03605076297,5387.96053968629,5768.49842389241,5248.32588565481,2727.28822482103,8449.77306025528,3654.46619725957,815.995871243351,1622.85412826028,2281.72406044224,1861.63920435307,1008.20365461401,260.894805360644,1308.89597265679,2921.93283376143,2478.57736404286,1065.85133466474,1885.73697671454,2024.4868545999,0
0,124.356012255505,740.352072963007,786.624077523195,398.460946131474,408.100355255396,276.753389256435,1306.14099563708,637.882811822758,1683.43356313241,1013.78096617702,1245.96301365994,1093.60340601131,1899.12893380615,1263.91432961133,1451.16089696116,404.28236132349,778.775496023144,1221.35829157728,1600.10703008034,655.613035218629,2411.86086658015,517.48738899804,554.450773926472,133.992270365564,116.89105034164,230.450234831467,372.265763958523,6606.24006516871,590.898038029402,1914.50964321526,685.441724114106,1536.33489887644,2266.85558054949,1785.69100675564,38212.5796434451,5485.94017945757,2584.90866563602,5816.43001662484,9858.59639611398,7072.0641222356,3152.7384882523,3718.92553628113,3190.95011188613,4327.38472549895,3843.98977575472,5963.83871956061,3121.81532601047,2617.79194531358,773.840524374792,698.667444864098,2135.79984727443,614.650473646263,645.604094621255,1796.78310634033,946.021894672849,1519.94184410771,4225.56446287206,4944.54110282342,0
0,54.9480054152232,393.312038761598,705.648069542866,306.552030211245,312.730625594177,448.880497208607,1964.27405545421,175.502149284568,1836.44691959657,1852.86203098864,2177.04950484604,1371.23646883771,1274.66076177447,1119.22380029556,1697.98591755866,136.179321708965,63.8340570510774,978.788874783186,106.390095085129,1615.92954020006,392.735964864584,1792.72416902893,2093.05167157243,267.984540731128,60.0655005087011,11.817960760588,271.813097493525,1087.2523899741,2984.03509204848,6050.79590942107,1099.07035073469,886.347057044102,2663.38360549896,1003.3882799865,55775.5729703476,13321.489944036,3743.35575046276,6822.9957096726,8531.53915530108,8868.63660522512,2247.0738525876,3825.66487675345,3807.01280167888,29373.2060825467,8500.44257193853,14375.615339977,3193.55613746359,4811.07708868442,1998.71952581375,371.4434516999,1826.26363752451,1512.30548192102,1034.73532973544,920.035741832497,1115.36575897338,2970.50874927274,5859.02893434051,5249.8010468318,0
0,627.564061847549,1605.06015818152,2035.96820064827,552.372054437244,501.765172449184,874.135705090446,654.758018484735,538.151189175971,2026.50520830427,5439.92639971329,2682.9417763754,1716.58491284128,1533.00847936033,880.909987304868,1170.29104593642,365.981927092844,126.436740436743,464.368093352797,220.407754601066,1285.68126042188,281.84581007929,420.458503560908,1219.79170263824,300.327502543505,304.947925659559,27.7225386963236,2877.67344520319,307.266979775289,82.7257253241162,714.986626015576,1359.06548746762,868.62011590322,2811.8573197054,2636.83317029239,18097.3584199138,13705.8946249497,1915.70109765808,500.982284121745,5403.14952272783,7832.76182917701,4587.85032626183,1881.04020948404,4675.51820736169,5795.4595090192,13307.4021094245,18032.8877564447,2254.31940688139,3506.6030618812,252.050913653504,1861.63920435307,1640.54191167456,2184.4412516637,3384.87484980694,1340.31830559883,676.435380461566,2411.68508798933,2235.58272612142,1826.72602083058,0
0,2779.21227389629,1336.10413167543,662.26806526769,1555.89615333632,1012.20009975411,373.161726755881,2585.28166061499,1967.90519542579,1794.69095938386,3237.92160588837,1290.00134724399,1330.60724013141,613.73219337608,323.425889058792,570.250909656291,340.448304272413,140.166969169074,758.512034569387,167.279696144325,369.596070792307,366.485557812971,425.078926676962,401.976811096692,4213.82588184119,64.685923624755,50.8246542765932,2138.4622915798,915.891958945573,183.178391789114,969.072782368219,3330.62137775202,13351.0670088348,2346.7773532738,1454.28170442416,4440.23310712695,21642.0242153197,1966.33636896181,4466.2919892538,12636.8231032309,7305.23927527779,3423.66347719652,365.610632265911,4984.53647620187,3750.10635895853,5407.52424450506,3811.24339746956,2794.66977945639,2011.98536337446,1560.10304519295,3057.00508005524,2193.28514337084,3570.24795125091,1491.62149947497,1059.91370640716,2094.19057839767,3255.1005729442,2816.91395735556,8581.62878321654,1553.5707279961
0,332.580032776351,1966.56019380799,656.484064697667,607.320059852467,696.972068687831,323.960245914935,1363.5166982878,1155.91180232395,2355.53188419131,1607.74398444804,4291.04763895952,1374.62223789657,523.092693612118,191.502171153232,510.672456408619,596.26624113778,173.462134591961,180.875946705008,202.769652554739,202.442859912773,271.46084166098,115.510577901348,337.290887471937,693.06346740809,503.626119649878,2130.01505650086,370.4805157837,484.536391184109,94.5436860847043,980.890743128807,2816.23506608942,2529.54201471744,1946.30564344839,5963.46664653589,17524.978012187,9570.06627640643,4396.82939154122,13993.3156289554,9959.54487151935,5720.58012587614,3039.1538591737,2040.00135394748,4466.80815942266,4493.3016834999,1415.3036116777,1063.66332086486,3217.23214049483,2034.09509264231,3179.72853584137,1590.33732854329,3404.02067608726,2986.76049220763,4034.48100810373,3257.66119979296,5507.6690235617,3619.30763005684,4336.34027374735,2429.94395917338,3107.95518514995
0,135.924013395552,2082.24020520846,604.428059567455,214.008021090869,205.332020235834,217.408046420429,270.003306591643,263.117332915633,987.080027661121,2086.32824028373,2388.12282836019,1194.49347271623,709.711976997245,136.179321708965,340.448304272413,112.090824871707,297.570105869529,338.413061577111,157.537114872103,248.501347104635,46.0002029786157,92.4084623210786,406.597234212746,254.123271382966,771.610660381006,1510.87835894964,153.007768770686,90.678014291984,478.627410803815,856.02624076868,1743.15589615243,2988.26725054703,3774.65336911204,2211.4928769426,3206.64316360694,5721.78565732236,3401.00238923438,18096.3117201005,6511.85272852742,7831.23070155922,406.159847250981,3587.22316005829,3036.1578592517,2437.95551133218,1558.22593930427,5575.57243432074,4137.29793485095,2264.03627702796,1620.57070189918,2667.59377789455,5579.24402766737,2954.83116086471,20314.4642309449,3096.11958234396,2162.83242473829,1038.21156206312,2263.10914431231,3334.77086668759,2472.31543468942
0,23.136002280094,847.356083508442,624.672061562537,54.9480054152232,34.704003420141,17.3520017100705,111.376363969053,47.2505786535376,1570.35458946087,2490.1337061451,1346.01821953789,732.785470110642,752.978415407782,17.0224152136206,106.390095085129,121.565449800632,175.041238746782,291.735397911303,221.71890241259,145.389479935834,316.03284736613,217.159886454535,152.47396282978,286.466233195344,41.5838080444854,1390.74735793223,1067.31773980846,556.807768016781,454.76979946151,676.380737894358,5924.10875985639,30105.4819057304,2464.14592736109,3907.04266617704,1058.8682894594,2168.27476205988,14275.7744762945,3492.45080566066,9294.16106055407,3547.44114478701,111.272801124408,13151.3853519419,2432.10551029063,58.1169404829385,4358.0416120748,7598.83062691937,2666.07981491488,1070.25762342153,2544.29680134685,6582.26699994414,2905.74182373693,1988.82866596663,4730.57104119206,2041.99951956292,3458.23531747137,4118.53072397954,2510.75887864709,2189.17242198819,2844.38645607362
0,28.9200028501175,1954.99219266794,928.332091488771,118.572011685482,841.572082938418,46.272004560188,188.500535568894,435.372490187398,1809.64671737872,1069.33669663288,1503.05367848398,887.38669991926,389.990725733432,93.6232836749135,89.3676798715083,258.921941149473,315.074229744207,606.809627655509,169.206530788556,155.720318513256,1462.32148018565,411.2176573288,120.131001017402,2652.12286861496,175.576078410049,41.5838080444854,466.662734721447,569.239217939649,1821.92039290491,7693.47752662766,1792.93825532504,3150.29935465051,4732.18845349419,4193.26331135653,449.765659892397,566.272487436229,1547.39380209098,1451.09415801427,5401.4932033218,3288.72796280657,752.416083793615,4742.34080982595,5420.57502620329,1646.96872892588,4301.45795336779,2804.24007442486,2806.24527910742,842.949332521336,4306.96642468114,6487.29075088598,859.093231025347,6605.58446376413,2422.1091967665,3066.65651514134,2020.95344827833,2087.99929727335,1743.19207387041,4864.80526992391,732.764377880461
0,5.56477050382431,1150.57765330228,2336.73623028949,1090.28410744943,69.4080068402819,344.148033916398,45.0738827025855,289.447645902661,1562.87671046344,530.929408817724,1121.68184961491,707.188010793422,143.727124651901,93.6232836749135,195.757774956637,171.053591286673,297.570105869529,1207.78454735279,256.727150161946,54.5213274237239,889.177163775891,101.445280371263,328.050041239829,235.64157891875,138.612693481618,78.5471929729168,203.298617106373,4085.69191813276,931.941678526877,573.934578746241,3359.85598474052,2067.51566956234,9509.44536845023,2079.48219253639,1471.68427096482,3350.5000769589,11945.6150893908,14673.2583492024,5002.48092366525,1692.95327478845,2413.08067582881,3672.00243710546,11197.1554910099,10645.1741145273,7171.15816541642,8889.07103856582,6157.02816852745,1715.16460378297,5607.72809656471,1399.8673230747,3525.03718732977,11996.8986314916,1818.3576374552,1423.00763324943,4113.74173476561,363.963180258657,5004.49372855654,1674.30191191824,3545.63408651836
0,5.56477050382431,14916.3509222609,685.091635688653,228.468022515928,1737.65371115966,1879.80018525764,102.500670966842,3604.33767676258,1054.38093863802,486.062134833128,568.318803804888,1569.89415144386,200.013378760042,17.0224152136206,60.0601619087297,92.8736186705593,93.3553273316168,1114.42922002118,91.9206702721656,133.912223460225,273.180935858858,9.97691205446291,115.510577901348,221.780309570589,73.9267698568629,180.196501526103,175.576078410049,951.640796493559,1325.6173091448,4710.07098678575,6957.65956536985,2371.72778442983,28624.1065859571,10134.7702712334,6875.47341985105,4752.24260958491,5382.18172899431,6767.05050181315,1028.0471547809,3605.83703542556,5257.11124347756,4615.1718942552,4760.87948806105,9263.24923242885,12282.0382940454,2685.24453592741,4035.15589560746,3433.6246372114,3671.03849620473,2118.38329421038,3426.11881982284,9461.14208238411,6563.13459768988,23268.273968962,10339.4277128742,2710.56789508421,2196.93631083616,14707.8622887285,5491.79324067399
0,66.7772460458918,356.145312244756,824.859405538771,2641.53051467513,2314.94452959091,397.645447717072,63.7385991450752,1136.63760760978,732.832141748408,463.62849784083,1002.03578565599,272.156358358664,29.7892266238361,4.25560380340516,43.5194553561666,145.867698955651,29.1735397911303,52.5123716240345,157.058895852286,48.2084004456808,16.0694668152269,62.8057356161977,147.853539713726,147.853539713726,221.780309570589,392.735964864584,645.215517161614,518.606394944824,1572.7302629305,2568.00807147098,2543.36615979196,3943.49037791183,81709.120630333,4027.59358249319,9159.3503548727,7188.92333156737,12003.8458036148,6305.4381097154,3651.86899757993,6316.60814007172,3673.75126682533,3994.61095505021,5597.73401950425,10179.441157423,4593.62587278149,1264.5285555035,3362.9255441202,5898.43853888375,3732.97952819919,3604.96806207731,2407.48992509432,3359.69985357934,6584.44347625381,16299.8178481424,4697.99841886504,1204.83484812241,3051.45887972593,13185.561715838,10707.8149412854
0,5.56477050382431,317.191918717986,2426.2399396674,116.860180580311,283.80329569504,361.92931281478,420.907478270433,1489.83647400572,1869.46974935818,979.602148663689,508.495771825426,744.50155766486,46.1959550047509,21.7597276780833,75.8512034569387,52.5123716240345,23.3388318329042,151.702406913877,618.479043571961,5.35648893840898,58.9213783224988,95.6807350690066,0,269.407574052471,389.293159621834,327.273205885442,628.336954773065,518.678284416534,986.479555601568,870.430954910041,2653.45607761612,4072.27598560966,24196.1302473304,1970.1445463175,2669.65906835397,8743.38523198779,2304.27254858025,7783.89897462368,6224.54421576298,6117.13630406946,4323.28285698714,2574.89120184055,6903.10505698321,7274.64832610524,5466.08948955374,3140.4766872527,628.463998428238,11445.9093736709,3188.6364233043,2477.64127977822,2831.39459214483,2365.28552059603,9510.86279903328,5565.10108444801,2643.5220460892,4174.39212766912,10114.9779255892,9660.10998554734,2347.99768396105
0,311.627148214162,495.264574840364,445.181640305945,1691.69023316259,3043.9294655919,361.71008274858,511.958886351837,1517.83488150184,1660.08913743007,732.832141748408,1719.91216940953,116.35972188051,46.6776636658084,35.0082477493563,52.5123716240345,99.1900352898429,1038.57801656424,3623.35364205838,641.817875404866,5.35648893840898,133.912223460225,26.7824446920449,39.7522811469742,134.393052884481,48.870201048902,41.5838080444854,1620.46912883082,1032.2152550574,1093.58305020974,4774.56104911159,4251.06423779733,6377.52707319762,5143.43816433357,1958.60949245135,1078.97067844321,6651.44913906585,742.87449644623,3866.1966718018,5007.25454990301,13835.3450804157,2527.03684363682,4198.61324634173,7524.56608749207,10947.860191289,2068.08746019985,1020.69684851111,1666.98961285221,5715.8508862794,4084.39199941063,1290.43165851572,4971.90682755655,11229.7790031901,3032.96371559911,1287.34791802888,1778.24896302064,3241.78128371766,2933.75200937344,8412.3580371702,1339.46176601805
0,11.1295410076486,617.689525924499,417.357787786824,228.155590656797,306.062377710337,556.477050382431,183.637426626202,848.302878766113,456.150618843397,134.601821953789,254.247885912713,379.728657829863,52.5123716240345,46.6776636658084,35.0082477493563,122.528867122747,35.0082477493563,169.206530788556,19849.676473885,769.611510910178,471.37102657999,187.477112844314,51.2175452164959,122.175502622255,6.10877513111275,117.865813647956,704.684279070251,2162.47491921105,2919.97948458064,2029.32937152322,3172.79635675997,7647.1197908159,4256.72696077687,6852.56928619979,3088.73043966614,4372.07195168627,649.697328448455,4067.09604178829,3275.78210148988,4411.57649919746,3767.8349371598,10698.5327944539,11535.3815739626,5146.71869386088,2833.35324975873,2915.00322675225,3105.31207806745,10200.2195889316,3498.9726801288,2460.67727430224,1703.07513124233,1152.15630605253,3222.95958488927,4098.53505007906,1258.50894636957,5295.72868513349,1894.01011621919,44416.8692754358,354.563408651836
0,0,127.989721587959,378.404394260053,1279.89721587959,528.65319786331,1791.85610223143,806.891723054526,197.552851012464,343.982433881906,89.7345479691928,2168.58490925549,201.902732930684,70.0164954987126,105.024743248069,35.0082477493563,46.6776636658084,589.305503780831,128.363575080973,3512.49419085208,213.207039776304,1971.1879293345,32.1389336304539,241.794288421108,0,97.740402097804,230.955837108981,299.329981424525,557.713643855966,683.023648071292,9227.81161439866,5286.27036036934,4035.9777052553,4811.23586424757,1774.54824076284,4358.35956286582,2721.22751989722,2295.29950409222,3866.7520700026,2880.38786371135,2825.47316600628,13616.7253210591,5543.19594054971,4040.3547213185,3500.10647843369,2473.27105265991,2995.23267336011,3222.23018332017,27559.6923313208,2943.30162990917,4347.90057879454,1114.76471854104,3827.22591771169,285.887666806692,1166.1989876293,582.024302640033,1831.04243740477,9116.03995055932,299367.87467889,0
0,11.1295410076486,684.466771970391,306.062377710337,434.052099298296,528.65319786331,1118.51887126869,328.321459725635,1118.86798122269,2191.01854624779,560.840924807455,957.16851167139,82.2566689717601,29.1735397911303,40.8429557075824,58.3470795822605,23.3388318329042,128.363575080973,64.1817875404866,956.892105149073,353.528269934993,257.111469043631,364.241247811811,214.169071946877,24.435100524451,61.0877513111275,152.719378277819,67.1965264422403,3830.2020072077,34174.762753418,2452.1063239239,2880.57586730275,7428.22419945733,13097.5293574952,9698.26364548773,3666.43315194136,3167.0016499536,10684.2793781749,2388.51763016723,1965.09500262581,9022.74020190655,37970.4524716597,8027.95790590917,3451.8980498376,3186.15694888468,4889.53905160126,8248.25875621419,7723.48731350458,5908.64174372887,5026.59573067612,1536.52830269246,548.159895169925,2715.93283466358,2974.59310463154,102.102738145247,190.591777871128,3206.02597776076,47190.5868383875,196917.600367634,0
0,16.6943115114729,300.497607206513,83.4715575573647,333.886230229459,511.958886351837,678.902001466566,255.979443175918,276.059502326072,912.301237686794,59.8230319794619,338.649381849696,170.515264543752,64.1817875404866,40.8429557075824,87.5206193733908,105.024743248069,670.991415195996,58.3470795822605,116.694159164521,433.875604011127,235.685513289995,149.981690275451,131.474393703148,48.870201048902,109.95795236003,348.200182473427,714.726690340192,8216.30255134665,7958.40708712592,3703.52610302989,3682.56300594011,4788.20294064338,29917.5960622888,5895.66027242451,3984.60832083377,2973.10203541225,1759.06981279271,9539.53593062735,17063.8268006012,6911.71265829346,185976.000338313,56472.7113662685,3476.57495715408,5424.40202898699,6614.34777031254,69785.1990636056,8829.78793198789,4389.34538443039,3293.38537090454,3412.00841767317,2643.41982539307,4819.24924045567,4914.54512939124,503.706841516553,319.921912855108,2737.65801598096,54785.0776354338,46309.8651171327,0
0,111.295410076486,712.290624489512,289.368066198864,556.477050382431,467.440722321242,1001.65869068838,523.088427359486,1293.04117913083,1075.82083171392,196.973219813064,40.8429557075824,291.735397911303,180.875946705008,64.1817875404866,548.462548073249,87.5206193733908,29.1735397911303,40.8429557075824,664.678488217953,176.764134967496,1462.32148018565,557.074849594534,445.64072632594,12.2175502622255,12.2175502622255,152.719378277819,109.95795236003,500.919560751246,4096.50203764933,2373.18795947577,824.088261604463,15355.5209108548,2341.41310182279,10107.7747779715,5913.96138862576,3231.24008475241,8067.11175735198,4270.84587444885,19753.8306197974,85978.6094314556,445186.373532382,208268.639103461,25376.1830996892,8958.95487121105,19968.129212089,53984.4948670597,15275.0011525012,4756.97772960436,10299.4452440217,1999.89802305939,2034.07934002163,4866.89718492345,4478.90677997151,3124.34378724457,762.367111484513,14133.422306486,90087.4917286159,21.1944462778639,0
0,66.7772460458918,194.766967633851,428.487328794472,311.627148214162,667.772460458918,278.238525191216,673.337230962742,556.995509603416,981.032976208481,169.03931214655,128.363575080973,75.8512034569387,52.5123716240345,134.198283039199,1347.81753835022,612.644335613736,35.0082477493563,169.206530788556,499.968088048593,498.153471272035,744.551962438848,112.486267706589,295.840007229454,268.786105768961,36.6526507866765,195.480804195608,2357.98720060952,1912.04661603829,2921.07427576789,1956.04803310711,1172.79014127412,3233.12192517763,2471.29756633434,1293.5351645121,3709.33680388131,2840.83122696948,9462.75223010914,18391.5104346047,33114.6002709489,21594.4341781526,524791.05517328,337340.926492519,9524.90281504281,18763.7830856893,13362.1463915924,26393.5725051061,5686.97510580729,4607.20414010141,8991.42227694582,3852.52792784543,5265.55113192056,5160.99320490097,5532.6377284275,3770.99446216447,2062.475310534,18002.13356632,31903.7684756345,0,0
0,812.45649355835,155.813574107081,1163.03703529928,429.877113266973,551.54400009338,361.71008274858,490.856611760597,1639.67174267124,124.755205048743,229.293791385095,99.1900352898429,40.8429557075824,35.0082477493563,175.041238746782,361.751893410015,233.388318329042,70.0164954987126,221.71890241259,370.073776187748,257.111469043631,380.310714627038,937.385564221572,634.260469197732,3225.43326922753,2162.50639641391,3023.84368990081,445.940584571231,1557.73765843375,2781.27631437814,757.498627678424,940.281544235105,2061.38646236158,2124.68457370281,1709.54647370193,2913.55386444056,11973.2391317082,4582.39078661615,14669.7097217387,9753.71243716575,6990.61589907953,361042.655219022,317398.60124083,8542.89619042974,39808.1906903675,2586.21123614261,7016.93343975597,9497.11075135702,3028.66402161662,5411.26400981885,6025.43988740203,3525.15074429559,1734.18451552012,3650.38260477051,5642.87799482733,1790.20134214667,4302.52848755517,3142.97085680088,0,0
0,66.7772460458918,228.155590656797,330.818518367631,250.409040058275,554.070880952474,573.171361893904,260.90586547667,717.356387418667,2181.3490148037,90.5974424873594,396.760141159372,23.3388318329042,530.958424198571,233.388318329042,87.5206193733908,58.3470795822605,169.206530788556,1091.09038818827,235.685513289995,58.9213783224988,299.963380550903,224.972535413177,3172.98260839408,3653.04752840543,207.698354457834,372.635282997878,788.031991913545,952.968920453589,4417.78104427097,1047.4321634956,585.867731408027,5967.17133841509,546.582728551535,2677.68017862156,1848.80741921849,3415.06650889537,5739.42224831432,18933.5318234983,7422.7446250629,10578.0575057019,187354.429228191,190804.575035751,15625.9444571185,16568.64156271,13364.5096733981,3940.68907785145,4432.86057871007,2161.5998590073,12350.0538427314,3693.68557619715,10265.6131127414,9371.17187911414,15646.2676721996,3417.03830326094,327.149497688579,7366.55638540308,5037.39424505975,0,0
0,38.9533935267702,189.202197130027,416.784347074667,904.887212937857,725.177716870888,740.114477008634,1240.88334801108,139.079299601578,1244.39373327728,77.3364586356378,186.710654663234,110.859451206295,466.776636658084,58.3470795822605,344.247769535337,373.421309326467,262.561858120172,1902.11479438169,16.0694668152269,149.981690275451,337.458803119766,1964.98338745496,672.055750011885,415.396708915667,433.723034309005,464.266909964569,934.642595060251,2431.29250218288,1528.59834400798,759.82761991743,772.972042470163,744.99230043243,841.029434524667,3387.63038778635,2394.64782634164,3190.92300069849,8514.76087886287,16101.7930261563,33015.1981536127,19544.4291066886,45065.803965551,19727.0526907424,15726.0228755347,13583.4348725948,9337.60098108598,10648.9195655503,2984.95873828058,2898.89771244244,7533.62125134358,1966.49580664175,3530.99676543041,1742.11429817593,7093.78191001697,1631.08553684189,1225.79383857468,11688.8107278223,13570.1232724058,0,0
0,23.3180952718633,434.551900485466,367.074869684462,546.346996490782,648.15533811803,319.878478625764,270.838636066231,2481.46750341763,95.1595207800272,29.1735397911303,110.859451206295,256.727150161946,134.198283039199,437.603096866954,233.388318329042,145.867698955651,52.5123716240345,291.735397911303,16.0694668152269,166.051157090678,155.33817921386,12016.0986989188,54.9789761800148,97.740402097804,268.786105768961,201.589579326721,946.860145322477,1649.36928540044,2846.74938415282,1100.54401418242,406.827948232399,954.747414146415,1050.98105846488,3019.50680189537,2157.24739528191,995.173652913197,4349.08823551655,8615.23891800996,19390.0395881032,6351.08359301425,34739.4266807995,13058.0236686265,8654.93553815141,13567.7171952104,3023.15675665574,5761.55920347936,8945.81715949036,3637.21072358013,8181.5733178255,3316.92585898494,3526.06782902429,4692.24031998947,5875.25124049265,1849.10222938113,1598.52018560153,12716.8503696712,3114.96011480225,0,0
0,154.734757223105,1046.55783414168,1523.5653641549,939.033900218531,1604.89430219167,707.405896540601,446.517751352435,2620.54680301921,505.077456447837,277.201784394023,297.570105869529,87.5206193733908,81.6859114151647,3862.57666834565,163.371822830329,70.0164954987126,17.5041238746782,638.662501706989,332.102314181357,53.5648893840898,867.751208022255,110.800724142216,36.6526507866765,67.1965264422403,85.5228518355785,207.698354457834,317.656306817863,1002.04003312774,4539.74405850248,1002.28115577327,1053.84186548641,536.386347917449,1361.20219689136,2384.32606846948,1094.1063344492,4810.62747628753,4479.30045813681,31093.240030651,12236.9481956748,14955.8572371236,11698.9952489618,1649.77433154345,4432.7435042908,1708.0623074825,6564.32089976809,4434.4075945018,7274.42144716026,2522.94691536006,7920.84960551518,5884.13559915821,6550.85284672422,4013.99471896204,2959.92086367559,2578.01426776935,9139.17977828648,11956.101034703,3803.74667484103,0,0
0,119.228107687027,728.616213642945,955.233027035382,3386.21315533349,1599.20318764489,3021.19696660076,668.530351789212,570.957124680163,380.638083120109,516.534246851148,525.123716240345,233.388318329042,2806.49452790673,3019.54650250939,4930.32822470101,577.636087864379,22.3823937932701,380.310714627038,380.310714627038,444.588581887945,69.6343561993167,123.770560597145,97.740402097804,109.95795236003,116.066727491142,329.873857080089,85.5228518355785,1189.26192041646,7458.15095325407,894.192011523215,838.483037861537,859.225444321041,503.872788771763,2048.86893762421,16014.2073386597,1234.39991585515,3880.32423408363,20183.7077965475,12547.0952430183,20323.6076891034,3409.9344124895,5783.05157286168,5458.08331288408,7575.33373832116,5025.96649961491,4059.71836024014,10648.9195655503,8765.27533945977,12529.275620373,3657.70591299024,4310.00120918123,2906.68583097251,162.141208300565,5075.26342975121,2830.70602590325,26245.8520564031,1141.12400245231,0,0
0,3484.11025796535,4504.17295706548,3277.6867405244,2139.8590695889,2817.10170065559,1764.24550950148,1660.21602114425,1603.07192698661,1815.35085795744,1700.97683895775,764.346742527613,1170.42830389252,1017.47519814452,1181.6937726325,1195.97400616006,443.43780482518,32.1389336304539,219.616046474768,787.40387394612,433.875604011127,80.3473340761347,218.773274692582,128.284277753368,73.305301573353,67.1965264422403,158.828153408932,97.740402097804,510.705635571881,1611.51087790997,1149.67544338699,4609.70661782476,644.667407822081,1158.16142802801,1842.43378018096,13516.3419335965,225.732108993632,2002.78724899897,5799.71338981641,9249.43602004155,7024.53015951396,1448.30733311713,6577.04631657684,6013.97003299039,6399.8241708238,3777.34625098848,2765.54886178458,2826.42526963138,4072.0453804465,9529.91392190643,3589.54990218918,6423.59841715368,18.4551481331588,55.3654443994765,2265.79173210654,15120.7810230203,47709.8932227181,0,0,0
0,523.278917070842,3258.90161011208,4614.31605938144,10631.0019733831,2612.22157697155,6413.88609421991,403.264564044967,2858.84788935745,5453.37253700925,2958.10311571719,256.727150161946,286.686593298776,927.465457783932,1199.42901307396,911.997936089077,822.693822109873,231.28546239122,107.12977876818,626.709205793851,5.35648893840898,5.35648893840898,486.326264844583,128.284277753368,97.740402097804,140.501828015593,171.045703671157,164.936928540044,935.888419308184,422.530291159322,668.187437182183,1153.12701951295,282.835994511895,1645.27961768235,4741.05995948169,1198.85213634842,488.717707295823,2102.36931160102,5215.13103862821,10183.4074942157,5734.43630772273,1107.99926505515,4831.50013836785,7550.68143672723,13914.6081950945,3497.13549710704,3913.52068926003,2912.50707642667,2885.30912941537,3728.26049481008,18981.4490080953,35501.2740828614,4410.78040382496,1836.2872392493,5898.17294798976,6850.02221456788,85427.9506141812,0,0,0
0,695.497294840993,4762.5005237207,10417.2811001215,11433.449124479,4160.20473369543,1769.93662404826,1052.85619115411,339.936579403919,907.675428978721,2327.34216652558,1872.94125459056,209.908361219862,676.422175977755,693.855737214295,2270.20248618821,1199.61155800983,652.397896196408,857.038230145437,1440.89552443202,53.5648893840898,342.815292058175,117.842756644998,657.762312350514,739.161790864643,413.954723330654,184.592876926517,107.702260276991,540.445721250295,3478.50518768372,6013.68693463965,730.198308996445,424.253991767842,1319.90130772218,1591.13602569534,856.467929902936,903.705017524022,1167.28564763519,1738.37701287607,16110.3791353539,4931.65340053922,3248.38991709441,6657.36550940352,10136.341489112,5412.48239690068,5733.05972626322,4943.57610443575,2930.32965214291,4162.47630861474,3559.00697802445,4100.71998319713,7803.01842995132,3414.20240463438,8184.85819705594,10887.0176564153,11569.1940557631,94452.3989555737,0,0,0
0,278.198917936397,885.721685465092,5390.33000990349,1616.27653128523,3346.37535350604,2794.33724246848,2857.00221935518,483.097855999596,907.675428978721,118.321477218223,2258.03197983348,97.8396308390387,118.548216408473,2252.41611176098,746.156420923915,624.121492268135,267.418653397505,380.310714627038,1317.69627884861,599.926761101806,203.546579659541,1333.76574566384,651.472566040436,653.638939029065,686.475009739578,584.577194774553,239.82654144597,553.10317366994,569.924578773038,638.708579659439,3529.34361786114,782.512918149576,13764.6850662456,787.946065895846,1746.46907004367,1688.17117856918,727.984597449906,3922.24256728612,2006.79911741444,1558.83458393594,1806.9130480591,26317.3920299535,4453.70249503,6208.11055554402,4363.04355321291,5024.1439343511,5801.62870686409,5265.2957248188,6269.07281005694,6588.41437743583,8288.61395953668,7068.32173499983,7437.424697663,3495.69245436624,25782.5458854876,48793.7313653617,0,0,0
0,536.526484591623,1263.88460227299,10773.2798370526,313.011300072844,1291.88300211883,301.629070979286,3285.03459988926,3528.22223199793,95.1595207800272,20.9202734838481,153.979839986657,302.48749953196,188.282461354633,899.571759805468,826.350802612,285.910404279257,110.463538627437,2715.73989177335,1328.40925672543,674.917606239532,321.389336304539,2303.29024351586,555.327221917522,733.817080751847,622.050091875486,914.338689262762,427.191026950635,843.225659005775,705.660334283116,7114.23094882206,1204.11217250583,1357.6127736571,2620.94688247689,948.778548134334,1675.61971999246,1255.14585767225,759.363243891713,1281.89201228132,405.054670704168,3300.23501127266,7869.83034868945,15332.0062611096,3101.35947850004,3683.47584749295,1457.73678957889,3205.56434614174,8566.05718782181,7480.26230989246,5789.09573190428,6137.62181480606,2680.52703004755,11934.0722353819,17596.9837449669,30899.6080771444,15483.0421815474,4911.24103713825,0,0,0
0,3808.59805564964,11602.3417406853,3602.78195578206,365.970527526028,762.609349268383,1091.34109891593,3359.86307984865,812.515908198694,1024.79483916952,13.9468489892321,17.4335612365401,17.4335612365401,261.503418548101,669.448751483139,6077.33944705787,3723.80868012496,384.402997890977,3337.0926086288,235.685513289995,514.222938087262,1135.5756549427,787.40387394612,1487.28564978231,52.462055941306,494.642241732314,1086.71401592705,726.974203758098,1371.50803389414,2540.17634853596,707.492580545841,1810.15036487613,659.950653861088,3422.31553359393,1391.57265524675,389.095215878398,87.8602100370577,1525.00221707179,4681.17468036816,1248.05692063663,1556.1565717289,15995.5258899394,10575.3863084418,11363.4985308448,4652.03921775007,3070.95415091927,18013.5795436008,11863.7165046839,8007.0167585282,4038.41301065032,4969.14100919863,4262.20942846636,6823.36010333101,7188.31266161498,18960.8655774037,13076.9985640491,7330.57159730488,0,0,0
0,15192.3536379979,30606.2064547658,8455.82331669179,1382.28805862731,508.70974213533,1715.19442535624,1010.15491289567,1134.5942862234,2042.26971520212,218.559278180828,27.8936979784641,62.7608204515443,481.166290128506,760.103269913147,4930.21111769353,3228.69554100722,1899.43095530919,1082.01076555861,224.972535413177,476.727515518399,364.241247811811,4842.26600032172,754.814430957066,127.407850143172,449.674765211194,989.284483464628,1566.36709881899,689.501306657165,5666.93308657877,913.844583205044,414.826125284113,754.229318698387,2903.78287698879,1174.53191040434,451.852508762011,0,457.334096593331,891.120275549169,2046.73212861752,20824.7453453179,7905.3765766223,10487.8781102588,4162.86579842829,4795.20821458829,12215.5821176893,6938.87755912118,5505.52891078577,4852.40792571876,3833.33734995323,19317.8228841391,2075.24401709218,4959.6057637553,7743.07411286702,9988.20177400078,14360.8234511036,16.1288704011108,0,0,0
0,9924.73044318343,21209.8381593057,3768.93168708496,1818.266809226,538.418812440709,3256.40929796669,2949.94514418084,1171.19410190803,1969.07008383287,131.434123646561,244.069857311561,101.114655171932,861.21792508508,2712.66212840564,4194.51483351154,5299.80261590818,2516.53843651265,3315.66665287516,669.561117301123,32.1389336304539,74.9908451377257,2362.21162183836,784.950426913323,2195.91177011467,2907.89681503239,914.338689262762,1222.78363722585,1562.20850023583,1264.42584111052,667.789017824998,235.696662093246,3884.28099129669,443.109724735302,960.860206178415,155.834376932977,0,287.404097139385,542.150097711732,1183.81422248138,1775.43372666434,3363.48425020377,11250.9886444008,7122.36498532502,6909.37889785792,11586.0594791422,13032.4469410189,6137.67241723113,10510.6724819601,7165.73727009204,6693.00061550504,2657.08813403391,3260.46178267053,7188.28863883484,4616.84559066432,27409.5245442516,0,0,0,0
0,4444.17735842804,10877.9719827911,3550.11862147363,175.894822001098,2572.61643434973,1237.07377014035,4121.13924608887,2547.34717164996,856.435687020245,507.545878592434,573.465785208619,441.514914550844,697.342449461603,5763.53534480015,4344.44346014579,3856.30374552266,3785.52063264579,1146.28863281952,257.111469043631,524.93591596408,257.111469043631,1044.51534298975,908.194723432589,284.79401796709,3604.89270110974,786.93083911959,693.334070602044,2004.56231154655,2336.48724103606,117.118591376604,9107.31902328302,10068.9614046235,782.512918149576,492.458117175409,1285.68624368718,269.856359399534,1657.42103327678,716.95645643258,4205.63733833964,2499.45811874377,3797.67167438292,3542.56755310786,2662.34827176868,12060.1352862083,22036.0728149082,1962.91985128165,2313.50165802368,11638.9388887721,66672.525699013,7150.65390399379,16776.5053718199,21897.7188598903,2682.35840403877,11585.1922666053,47311.3684161951,0,0,0,0
0,4046.96763121418,10380.0085808242,4688.79303272133,589.336236389361,490.765284234515,2690.83974020597,263.518672929306,322.078378024708,424.55786194166,6967.91182906815,591.72534429772,1355.82595156489,765.827039480726,2109.46090962135,6537.58546370253,13581.422732505,1951.6302133856,974.880986790434,21.4259557536359,310.676358427721,16.0694668152269,192.833601782723,708.856748332813,37.4728971009329,1446.45382809601,2188.41719069448,155.887787349909,343.920004432006,3724.16233370658,1134.26711163657,26548.8720181832,10040.6778051723,2177.83715774159,424.714913731041,636.947821584685,3177.25049530609,1682.53478600193,2052.76995321198,755.503713474188,1001.0424203533,2069.25305748319,6928.77214881571,8681.54250145407,2420.17088033355,3257.79900858794,3058.32019337124,2087.50364140902,30121.8262475962,41463.1748031878,1745.84648724853,7893.6851865095,8747.71339734614,56004.0932960889,15917.1056717963,6741.86782766433,0,0,0,0
0,2656.78791056809,9650.27483186453,11274.1623296223,390.719991300494,481.354826751436,1838.48048636972,212.27893097083,204.958967833905,204.958967833905,1074.32053181694,887.106837245947,2886.23037559931,1483.09892958001,4004.47760459195,8217.2733649054,11625.7624093597,5767.62409400562,498.153471272035,353.528269934993,37.4954225688629,696.343561993167,380.310714627038,1185.78699306258,319.093567547251,52.462055941306,352.245232748769,235.996454551234,245.657146022861,1149.67544338699,5111.12811661555,160.273730223407,1103.06037859639,933.358781889253,474.728698291129,626.293478710894,607.554528785481,1395.88071134975,2184.01929366357,686.24920640572,900.308591890074,2160.9589877841,9774.10947520594,5392.26895301393,6801.69031524423,4615.79806962511,6959.09432889798,5983.48623877746,17084.2822065237,23062.5508258774,3555.28412883782,9765.28376267207,6687.23924305323,34677.8697042852,25819.0583271533,13540.1867017326,0,0,0,0
0,818.562787887696,11933.5131211807,22493.6486168098,4956.28470009545,3362.41292857019,1352.60688517224,1793.39096854667,131.759336464653,226.91885724468,2081.70774136458,1268.86908153282,10847.9370773299,393.17070132003,6844.46969801381,17299.4565716835,71022.8030505953,5796.88982557549,1079.37711478238,358.884758873402,10.712977876818,16.0694668152269,5.35648893840898,883.820674837482,1954.21744380208,29.9783176807463,22.4837382605597,199.35688339702,137.568001772802,11781.7167232564,569.924578773038,1112.48824508012,2620.94688247689,1291.61770827099,1576.48007672001,1795.45379422259,292.885684970706,286.65407465218,1221.52413035188,283.249638592394,629.586427895156,1035.79996522726,6444.41175400943,11229.5697432982,4474.96838845022,13939.4269924722,7815.70716083761,2038.88012891416,9404.01006361179,17159.1779186681,2849.77793540848,19290.1868729861,4040.52877110991,7895.48099993171,12906.1982930431,9145.06951742985,0,0,0,0
0,5671.10169906144,15183.7391494364,66382.7252381785,12989.5177904058,5637.78831729644,541.677272132463,8732.71602235173,248.878746655456,963.369116035377,507.719037544236,2787.9377002693,1787.13955145468,7059.20122824599,22053.3020649507,29352.1446405754,160838.780804014,2999.34495150784,1866.15027562646,674.917606239532,380.310714627038,10.712977876818,16.0694668152269,10.712977876818,249.481736815865,869.371212741643,1399.32559362373,88.4365725682301,176.87314513646,2348.48231597855,635.919644159147,905.075182438064,1046.49317969401,395.970392316653,283.618720498859,604.466200896989,199.411530192821,454.907553252373,797.646120771284,445.849792517895,783.226624017342,3061.36060613454,6544.71010777051,7887.19053616786,3030.42105620602,2870.54431544986,5160.91532631397,31899.9786836361,6547.1902851558,6248.87474169184,7978.55563032707,11271.4940005712,23237.0438299528,18305.2518528003,13139.0746024891,9040.23185982263,0,0,0,0
0,4372.16515005614,18941.5012935249,26356.3218299621,12772.3580431091,1358.87213633715,6071.34210135804,30612.0858386211,3425.74274808098,4735.10797045883,848.891286940973,2260.73153259017,366.363608048209,6335.40970990684,30166.915628555,7613.98199795506,77223.9179357019,4893.93449981077,2294.42161055195,112.486267706589,80.3473340761347,32.1389336304539,149.981690275451,326.745825242948,107.10725330025,44.9674765211194,401.211067584054,756.624009750413,9295.66640550507,776.276581432242,417.030532811377,339.256265559661,2561.22400115953,263.980261544435,429.98111197827,604.466200896989,380.128229430065,660.550693763719,504.760435800578,398.887314346068,940.898988344837,2289.91241086453,7723.59084129716,8758.52712997047,3283.30101326802,4249.8869651822,9104.16613119309,14364.1936859959,6734.01302491572,3977.86629691142,8590.87635016696,12938.1988520145,15443.4161487496,15792.2564061896,8317.63390644983,9268.80860825339,0,0,0,0
0,4189.76129423838,14495.4761014244,14959.3124555234,2913.36223729981,966.713430947184,798.070938425093,9823.39052975358,1251.7136964142,184.967673398957,717.606472437826,1653.10408509558,679.113029552778,2510.93106979382,4887.82667322855,3940.14360229857,9855.34329954434,1905.1363561606,2673.44928799276,254.950853093923,10.712977876818,139.268712398633,530.292404902489,187.477112844314,372.680982399271,1221.61644549041,401.211067584054,353.74629027292,6996.31551873109,186.699430977375,888.985611144856,348.664541662775,4780.7331439922,119.386991492886,383.646289619035,479.833994526475,822.572562045387,498.528825482052,1115.45824701609,282.510969578935,2763.55885744251,2106.94120127972,19080.464257229,43716.6093046306,5142.23636074797,10006.6532292307,4623.23054008913,9911.22284888828,14088.4672001714,5088.50438407184,16097.8929094741,20796.2008773373,13068.887691825,14973.8694027229,11728.1828381512,10253.7399414596,0,0,0,0
0,38.6917269916473,8668.93950185268,15906.4774058498,4093.1077820619,636.393593598147,333.15580098022,1742.15122658819,3894.22038884419,92.0378893527207,89.3622052721721,3257.55792075428,2952.37148492873,759.534309368239,8962.50485054522,12318.9495557016,3511.85587881034,2892.34546310923,749.457942018657,411.189136539198,373.873917713775,551.718360656125,139.268712398633,694.902846531434,597.450788601078,389.718129849702,190.529517872111,467.497767680441,2712.05489209239,803.14003226902,1074.21845329767,351.790838506839,2336.89628436686,314.098962952535,180.968543939869,274.190854015129,1071.83697478641,641.855862808143,348.970177837437,1879.98665153527,877.584032700396,5938.24743834362,31851.1072018941,9976.2206089617,2839.44727054357,13818.4983973769,9432.16620070203,3891.71422191093,8503.96865513175,15586.0244096394,6137.7231531703,13951.8791588994,32494.5176459036,2973.29021114351,15919.4925952442,8584.70052033149,0,0,0,0
0,55.2738957023532,1960.18305537976,11996.8490608201,3195.83652266538,140.249038603076,1110.94969419174,6522.08715500033,190.319041560054,693.905983629284,302.456694767352,1766.62205807294,487.366151213015,837.914818014346,7488.11472059511,3127.05240614932,1755.92793940517,644.484883423848,1671.29121070161,1244.10018375097,566.639943092708,37.4954225688629,16.0694668152269,55.6804543979374,337.256073908396,59.9566353614926,756.952521438844,5204.76646331721,520.793149568466,669.434108041238,1564.21283550362,691.017718495577,16546.7333683395,609.200881306343,193.280657755345,236.801192103975,822.572562045387,1289.94333593481,1032.3723697969,627.419415344684,4352.58599423474,1341.00417833054,5701.4076812416,5797.25163687628,6311.83655084925,8402.93389241823,9912.86716678261,8332.89886689424,14268.7389583201,19640.5517598899,9848.54415405184,8172.52224826195,54786.7560389444,6220.69267695297,3682.74898691461,0,0,0,0,0
0,5.52738957023532,1312.66329832072,5843.34060903289,5001.45646441393,576.999669710706,379.993997503752,3800.98894728951,5563.17198406313,625.165825727613,398.692915829691,5361.73231633033,1574.14961594826,2678.0998232109,4586.85247222766,2725.38781596839,639.807117471432,1818.03337135095,2195.91177011467,1768.72074316403,423.117575198449,114.601832720436,40.6912955575643,82.4403736220523,1956.0852286687,134.902429563358,1723.75326664291,24374.3410502667,2566.10278030966,778.965428122287,1005.11668144811,2117.02701030009,4045.59464282865,1306.65168588255,330.37608476291,81.0109341408335,1053.14214383084,1545.43935899436,1362.72230859686,1111.54569878059,2510.44547201206,5139.14639954628,5469.11378293994,5017.21562977055,7698.22111383803,5476.84387700915,8659.50490338119,618.676096305631,1583.23466624464,28336.0383319998,12835.4836965039,8099.92936480831,18239.0202732361,11164.0406127132,46148.1910000605,0,0,0,0,0
0,0,172.735869845799,2191.52858621453,260.319439454546,1338.08565989017,3103.22801693915,4008.88514487179,204.958967833905,376.178609652528,295.582678977185,955.488194833225,2948.95277398168,1649.7637896401,1719.17723433231,2304.36956541541,1978.81571765404,2360.69062819349,2285.84672315691,891.854951002202,387.602564835854,0,0,494.642241732314,839.392895060896,44.9674765211194,4039.57830748056,443.013511737727,1704.12729898638,270.12510813918,1174.73012144248,6577.23228422608,376.918755543042,628.19792590507,125.438109418914,542.603418176457,261.727633378078,1514.28130740173,1913.30780029127,862.227037371862,3334.63709634178,4747.56289573826,1085.25495431706,2812.26324457897,11941.8176283318,10150.4717306774,12662.8215486108,171.700640801403,5841.97243499188,8237.0821856665,16649.8944630423,13287.2402054247,5462.73345856679,6460.69114617085,35279.5456317557,0,0,0,0,0
0,1204.85921243377,2467.34212633177,448.876374722926,403.695827481475,306.122290070187,1863.37017183413,8938.23525472037,1632.35177953431,597.746098736111,350.574805298521,2192.8110370633,1086.0944948464,1649.7637896401,2928.33072661118,1124.37605511272,2347.55759279395,1737.81056792082,1821.18279910534,3350.0770008234,232.331962025784,44.9674765211194,299.783176807463,711.985044917725,52.462055941306,59.9566353614926,784.665983130575,2810.65653916042,1532.89314152804,301.535004434434,232.433232584876,18.8459377771521,332.944900729687,1168.44814218343,527.686257760259,131.77045761849,31.1580515926283,1140.38468829019,1111.44398252865,2233.47967511988,2680.17561014386,1944.39171698706,2936.85222286679,288.114726807802,12646.530406912,1363.46602812256,22335.6629496449,6791.65457962952,10290.2766102736,10463.1548077432,8487.34345347627,15780.2502053648,6888.18005189799,5674.01890965178,1212.87651505821,0,0,0,0,0
0,1817.76585528052,5489.96719404607,3473.13764279823,532.422198668051,790.400430353179,3010.05950834745,4701.5794344883,335.493066028822,772.272177570837,536.173231633033,1670.3858370106,859.251973770886,515.551184262532,1842.23623176478,1846.0508278894,1666.3230187936,2421.91140203565,562.093456513993,269.804859126717,981.789904044441,0,652.028409556232,1528.89420171806,28127.1565639602,2997.83176807463,54.5539453137746,2129.43630668486,757.722139211021,634.479905164121,157.049481476267,552.814174796462,157.049481476267,691.017718495577,339.226879988738,50.0543583103054,62.3161031852566,361.433398474488,3257.73536185687,914.168425165347,1942.60790347636,6087.96118272069,1523.1648481643,624.151559392926,16415.2117880148,3827.4529030862,14155.4355758437,12599.2391795682,11631.6930359461,8333.25778731935,14544.0732052894,8542.95546755478,12379.0232628705,7051.4134776304,566.245848373158,0,0,0,0,0
0,6762.92714457392,20959.3117780327,10089.3862745541,2566.87397431543,415.128532686169,2099.87484749,3356.31960763778,3569.94825931149,1174.42420275496,845.503942190552,2591.50395289299,1340.43307908258,845.503942190552,1134.21260537757,2125.577028007,3314.13133737839,970.270206327679,119.913270722985,457.169344631381,254.815700286344,397.212709269888,209.848223765224,116.075150429839,5508.51587383713,3080.27214169668,517.653024829468,1894.13947721692,489.19526516125,477.430423687853,502.558340724056,3392.26879988738,653.325842941273,1105.62834959292,345.508859247789,37.6415066137792,18.694830955577,274.190854015129,4552.12017053731,425.919379906582,862.227037371862,7531.7838757842,2308.22136499244,1569.72587512589,4722.97558978451,18396.5086551309,8190.0712093894,13605.6115195603,6455.46255891547,9582.14219075428,14959.3571489709,8896.54874552808,47921.8695032968,18813.1903877478,8910.61879113249,0,0,0,0,0
47.1466648343651,5715.22348158803,7585.37452001785,6013.81902553901,2535.44286442586,5428.87338629382,3375.56673436107,1249.55317219674,2052.29143992153,475.481275456544,1080.39466499125,15219.0709594299,2254.67717917481,969.236226413559,2426.52757392898,915.900023007573,2166.21992443168,1772.13412404281,187.364485504664,344.750653328582,37.4728971009329,37.4728971009329,142.397008983545,44.9674765211194,966.800745204068,2713.05404008145,588.24207366985,1741.19653806276,648.997386421997,276.407087398231,1281.52376884634,734.991573308932,471.148444428802,1426.00929180451,100.511668144811,75.2830132275583,56.0844928667309,448.675942933847,1256.98158460235,12299.7206294974,1527.07680112848,3097.77317173122,3239.19470212896,1272.37425770368,1450.95310089016,8024.05879777617,8859.45202938757,14642.4953648492,17189.1516168497,9692.59623581062,11254.7988353781,9899.05261037251,150624.500159632,32319.009354707,0,0,0,0,0,0
4400.35538454074,5260.73504983363,5464.8493923788,609.186373524343,2750.22211533796,722.208588274309,4185.41607827359,2087.72276538985,482.892103510947,1913.95562501856,1673.85485901803,1145.29357825248,2460.89765287982,1031.10236852506,2096.57481600096,1001.70005832028,1527.46276722747,1242.69118135831,1088.47678661128,472.158503471754,52.462055941306,22.4837382605597,172.375326664291,490.645696077972,824.403736220523,46.0134212073537,4517.69912578445,4403.90921970556,1449.69476655911,653.325842941273,358.07281776589,3480.21650951409,2713.8150399099,12.5639585181014,56.5378133314563,75.3837511086084,0,6.23161031852566,207.765551173943,2721.72872037865,3459.29642704614,2115.59987481015,9058.24337367386,1421.18996035908,3631.1031447918,15220.1366444675,20829.556104649,9450.74450496593,12817.7360257731,13309.1465338211,9518.19661615327,12225.4023313556,132606.491821035,43837.9161107819,0,0,0,0,0,0
1160.36566456236,11610.1980579635,4258.79625623194,426.775211316539,364.038639822658,8459.05138146252,18927.5408608229,3895.7525798971,2896.48725925831,2333.97850030291,1971.8094226697,1731.63811825579,1251.07087381041,1292.31496855141,1285.44095276125,311.538607777986,1508.94806701865,1907.01412150823,912.985767114937,756.952521438844,52.462055941306,168.537206371145,816.364173302017,11.1510385472266,1708.83381521727,31.0242623669806,1729.43169658936,1947.19460117271,827.843223537154,2908.55639694047,389.482714061143,3065.60587841674,1872.02981919711,18.8459377771521,131.921564440065,12.5639585181014,0,0,768.732539343588,457.084212582674,5308.40983249423,2207.0747325943,3474.23177286495,3407.87959080869,21756.8557282197,2318.13716771832,58137.908404023,12615.6330076193,12241.6580021429,14654.6780589014,37479.7360048551,29135.8334844882,91188.5067080996,9424.3633271112,0,0,0,0,0,0
2188.34838806167,12191.4332786684,6420.63638730785,800.593933827275,2048.51383861008,4465.97443554566,960.3523193299,2279.04505632021,1249.92802241171,1593.54394158613,2012.05043129561,1424.50819255283,1086.0944948464,439.937010570694,252.231237074499,2342.10957641545,1527.46276722747,990.536461171752,480.961140843899,149.891588403731,14.9891588403731,1464.78259534103,833.034754247171,468.343618983519,1853.36428658427,35.294524420191,5705.94811459755,4541.30352701695,3413.98961092346,728.709594049881,402.046672579245,427.174589615448,2242.6665954811,50.2558340724056,6.2819792590507,0,0,62.3296653521828,155.824163380457,1392.02919286542,3147.64810028523,3500.84953728093,2963.12756556152,5372.24686585999,4412.38558373265,9410.90609210657,13610.540180279,7586.5044699221,3710.62021103015,9234.3609471198,58410.3963672331,115908.185242204,169927.316567881,0,0,0,0,0,0,0
6498.39495947248,17562.3289417538,4537.76810417864,2952.38201707209,4164.58248895375,11035.6234755883,4464.92160404871,2866.72334128328,1047.07585391562,1521.11012605948,1617.68854676167,1682.07416056313,1986.87922720052,6092.39465474528,2452.87046446822,1101.62466242466,10210.857165163,1194.19816346875,481.82570211256,595.153818879887,247.321120866157,879.273858931035,289.927002227893,1115.10385472266,1124.57347116511,113.37815268076,2094.14178226467,3623.60853294913,2938.61278861001,1061.65449477957,1017.68063996621,1714.98033772084,2776.63483250041,12.5639585181014,12.5639585181014,6.2819792590507,0,124.659330704366,176.600718497851,2856.77632864171,519.413877934856,2739.55778307012,6086.56223860592,4010.58318656307,6878.90060105563,6520.37369189186,11298.4065500032,97802.522669296,5909.7311372619,4980.193969319,31642.4734593463,143329.117022786,351782.777350685,0,0,0,0,0,0,0
20878.1766262026,31592.1970337431,5848.55546352523,7553.21404236381,4104.26690059286,4335.91905369097,2415.21441503117,2465.38207350362,2308.34632878558,2132.77345717335,1448.67631053284,10543.144259989,1826.94179161642,1561.87185894743,1681.38168612103,472.124855324854,1073.85261211143,6785.63762653172,916.477660336481,905.468755596816,213.323021726158,2120.69559680023,0,3467.97298818749,355.062205473128,2929.44552687585,2294.14408731242,10986.1848078089,2627.68219101648,5394.24467804494,1099.34637033387,5201.47882649398,533.96823701931,43.9738548133549,12.5639585181014,62.819792590507,6.2819792590507,363.5897145544,1443.9705806589,8933.91870047953,93.4944980282742,4737.05456676589,1867.63706832529,8393.20562976464,5962.71254150318,5032.39037602907,8665.5655165263,91967.9850087586,10083.7906934562,6618.42479898804,15536.3968966285,237108.611976769,668411.757067595,0,0,0,0,0,0,0
11824.8571527495,12496.9133836009,11890.2759494551,8403.10793077982,3445.0852963173,8573.57745705861,2078.37442243038,1290.02550357748,1454.65863902917,1923.52021231861,2317.88209685255,14615.5343329313,2929.54542796641,2269.7079737284,1268.25696430402,1092.36731232025,823.904159292392,851.676209605619,2323.59487620663,991.066272750434,4261.51333670164,211.869732397306,0,3166.89494741237,2318.2966935345,8917.74983683493,2400.02766057299,4717.54947446689,2846.65570693452,2445.28578666814,785.247407381337,364.354797024941,1388.3174162502,948.578868116656,56.5378133314563,31.4098962952535,25.1279170362028,270.095216526125,1443.9705806589,1527.07680112848,290.87177164352,4196.86413371364,610.104991673108,3419.16561429601,6523.68704707924,6566.80084029911,5603.5068898335,14102.687676069,12342.7620091839,4169.91328171282,46414.5858111123,206045.933189423,505748.763013883,0,0,0,0,0,0,0
7225.99302758435,9203.28243405632,15100.5691705675,12991.9240018767,3240.35763302318,7142.41671587871,3221.74056970639,1892.03740524697,1905.58925839422,1649.8813536624,1657.92955538759,2181.06266752445,2816.87060381386,4729.5591422672,2879.03588247117,1268.25696430402,3536.3077398842,342.521953863129,398.066054489583,2972.48445467548,4928.75903787418,66.9062312833598,289.927002227893,3858.25933734042,3932.86258546354,3294.15561255116,3247.09624665757,3546.96642743531,10510.7287640659,7124.23750808897,697.299697754628,3128.42567100725,2186.12878214964,358.07281776589,69.1017718495577,106.793647403862,81.6657303676591,592.131820845736,2472.41005896992,3282.69570854829,342.813159437005,1163.48708657408,2129.59689953291,5354.46004875162,10666.9478462812,4455.05466542268,5052.10265352968,9279.23292678478,7359.34667921162,18856.037508254,57666.2571681114,205571.026760539,287587.421739644,0,0,0,0,0,0,0
10458.5279561425,12439.0548524082,10456.7426401367,8580.57526123946,1002.90936306177,7961.09093631668,6230.07598838132,2932.04243484283,3252.1834968028,2414.46051755474,2100.58065027262,1215.27846050255,2306.66064932807,2609.7410555845,2231.02137516254,2675.37418017417,3610.36654071947,2814.2344317403,351.779303967538,826.859448827909,3267.25429433741,156.114539661173,2174.4525167092,8118.25617389708,3298.079713232,705.89048840382,1834.01000076116,5447.46035426239,1030.46360432019,1313.84109550824,6.2819792590507,1055.37251552052,929.732930339504,885.759075526149,515.122299242157,163.331460735318,389.482714061143,1085.95754611912,5734.32921240082,2389.30383850034,2191.92656488509,41.5531102347885,2856.77632864171,1612.93365410323,3837.46296887014,5870.11913519355,5429.05107805765,11223.5384309067,19541.0285969217,20029.4288736327,38137.6927803034,120570.958368889,138976.3975174,0,0,0,0,0,0,0
2093.92726471891,9635.06808039747,10228.1874414775,8090.42540116866,2662.67276050049,9374.23851444335,5134.79578006333,4415.43844822396,4390.81972811105,2800.77420036349,2824.91880553904,1826.94179161642,1100.26206440951,4156.5501968796,4499.07215074272,3804.77089291206,3832.54294322528,4156.5501968796,2203.24932484932,728.393790345687,401.437387700159,66.9062312833598,2285.96290218146,1556.171775815,2307.06470954783,2329.43861173261,7704.17266774749,38.6423851620071,1751.78812734432,6002.4504951651,4482.51667879282,2706.64897472003,332.944900729687,502.558340724056,1557.93085624457,182.17739851247,533.96823701931,1315.20495165489,26625.1553829407,498.637322817462,5225.30361202466,1194.65191925017,3490.46125972224,1570.96140288121,1954.70769976823,4920.7880575742,4270.87082897171,4133.36338206798,44873.5280191422,6824.89705336076,39991.3092428137,151677.406694988,69238.2376219802,0,0,0,0,0,0,0
5878.98182609177,9432.51513272368,7417.20752107141,3761.75254054338,0,7475.65856215103,2815.50777016078,2761.57083969793,3339.60588852535,3750.46200393502,2832.96700726422,619.711532839049,714.232923382375,2055.46098252902,3388.19013821366,5424.80716118361,11553.1729303023,3389.24559876206,4202.02942222872,3099.98871612901,691.364389928052,189.567655302853,2587.04094295658,515.810560688253,113.189834043452,5882.4207366985,447.063975989086,154.569540648028,7651.1922620774,386.423851620071,3490.69545963464,12034.40986741,1400.88137476831,923.450951080453,364.354797024941,753.837511086084,540.25021627836,1278.55311380334,3022.98876958086,3937.15719474621,8601.49381860122,5526.56366122687,4913.65528526374,0,2547.33654917557,3706.44050219218,3439.96082633168,14258.0772249802,5400.02822096084,3435.61911671635,60919.3127781327,167624.694393681,65.7224170041647,0,0,0,0,0,0,0
8835.09624884497,6921.15224099976,395.663140057153,0,0,11531.7157329574,5771.25155952496,3679.88303091792,1851.08639679197,1834.9899933416,1690.12236228832,1446.26436893403,1195.63952926348,428.201831231449,1657.06566868919,5304.4616098263,52665.0647439822,8429.24866510011,10047.0857310512,12522.6162885355,6579.11274286372,4951.06111496863,2609.34302005103,20304.4836717988,19269.7072237307,16753.1342581173,23.529682946794,1532.81461142628,2537.51662563846,6105.49685559711,8501.32473564155,1919.23846304635,571.660112573614,345.508859247789,31.4098962952535,182.17739851247,295.253025175383,7227.9101111138,966.109812958833,2752.89355305474,1464.7471357763,3646.28542310269,0,0,198.171016677254,4289.74517316949,11724.1390312796,32766.1103503574,3312.47736908707,3008.15800559477,69447.6372144604,109261.891132942,0,0,0,0,0,0,0,0
0,1724.38264024909,0,0,0,6008.5740535615,6785.26585222655,1710.93104195842,2041.21422942745,1201.77374094324,892.825601641849,824.099034485634,1574.16468877456,238.920043116438,560.168459121813,370.294004176356,1157.16876305111,659.165545855849,3787.12512331916,1406.71345328369,2921.57209937338,35995.5524304476,12208.5697856695,3514.67792298898,2300.13256986891,1647.07780627558,3623.57117380628,924.069383146353,2000.2073437512,1369.12788453602,1665.70416450181,0,10.7207461398462,21.4414922796923,0,43.9738548133549,2845.73660434997,1499.34285912066,5838.21198798779,3116.48326760914,2358.13900582425,5162.97394667247,0,0,5350.61745028584,21784.1324999292,24168.7315245043,7125.25526052791,2822.44014551407,4325.05683240413,38406.1910649702,40664.6501477101,0,0,0,0,0,0,0,0
0,0,0,0,0,2081.96551586601,17756.0375083703,2501.3187624604,1689.4885972087,538.179935880418,647.392204349609,1294.46245152235,1475.40881571364,3848.58997683794,603.04479418757,916.477660336481,1249.7422640952,407.323404593992,1471.91866660101,2176.55115671739,3512.57714237639,4688.25807942916,4411.27943395555,10077.8009832643,3586.61606884704,3082.16875954038,1764.72622100955,3020.15909930999,2911.05968220453,1656.1894861049,879.101183467386,120.088256452464,300.180891915693,332.343130335231,0,596.788029609816,69.1017718495577,810.7757768167,2025.71412394594,2960.65910422868,2129.59689953291,3272.3074309896,2410.08039361773,1152.32776364181,3794.60798600519,9820.47482645056,24556.1448363571,2830.28509215657,812.441614926742,249.573567984032,7908.31242364357,4075.47297422837,0,0,0,0,0,0,0,0
0,0,0,0,0,1456.29712249695,8435.73592438976,3865.43146898586,1430.46999254354,988.781012389747,286.359073964525,995.205003052127,1329.25982925144,2776.83074278181,2122.64004147482,616.436930318811,2360.62427662427,1064.59526200702,1221.97021378197,1546.62302485393,2430.92640329541,491.549381515661,4877.51221965817,2810.78922047118,2651.71623858136,3566.80983240584,658.831122510232,1710.71230132463,2657.04839307438,3741.69939966818,1672.436397816,64.324476839077,42.8829845593847,203.694176657077,235.856415076616,163.331460735318,62.819792590507,31.1648326760914,114.271053145668,4456.57107268107,0,6305.68447812916,0,1246.93182718788,822.042735846385,13231.822972302,11328.1844756497,15866.3823699033,677.034679105618,156.647239479339,3316.14240863889,3791.39420299146,0,0,0,0,0,0,0,0
0,0,0,0,0,0,1790.70609136662,5305.68998388893,2293.77118102596,1380.27806298061,963.685047608282,2107.11778075861,2053.04528601662,2414.93801439922,1050.88080741868,1350.1382558889,2516.35987254113,3455.64008132198,1761.4241407466,1862.22343738685,1802.09819777559,5003.03643119349,4650.53602146467,13380.4337205411,2518.0172416629,2200.36198902163,1858.84495279673,6240.84988886184,13091.48756601,11514.0813541948,2873.15996547877,782.614468208771,278.739399636,117.928207538308,117.928207538308,1865.74783993806,207.305315548673,0,0,270.095216526125,0,4030.65169277449,10358.9293840463,11098.0567126112,8191.06868932648,9444.80849827092,2307.04004458285,2514.80298616134,369.050276061494,50.4457211882618,2612.5573499605,0,0,0,0,0,0,0,0,0
0,0,0,0,0,0,0,2037.49095668221,3950.1048566027,3257.45622863424,622.379926580349,1283.99478528049,577.636470302983,1343.17878034308,1844.26101964205,3263.99403098914,7449.96599423749,1630.12528573932,1301.9299371479,1521.42129163508,1543.81358942457,2277.3678378551,2715.0252971985,2343.68859470575,200.887593831922,666.166787154245,2635.59500445439,3437.25545754949,2175.77979547748,4073.88353314155,3291.26906493277,761.172975929078,128.648953678154,10.7207461398462,0,0,0,0,0,549.242602877375,598.641215631676,103.882775586971,4715.88092370941,3848.74581751107,6669.83622062,4287.88603015468,3283.09544806021,3108.41585728226,220.368150453986,724.825362336603,1239.90272604833,0,0,0,0,0,0,0,0,0
0,0,0,0,0,0,0,938.589082826816,2243.57925146303,4055.50790868485,1355.18209819915,1380.25341362666,2909.06077815237,1920.81525064606,2693.31703623198,1558.92252226347,856.843606570744,2915.1791109717,763.389789232291,951.522731683407,3488.80133067445,2570.84858912629,5928.96431039131,3803.47177655105,4232.03197672581,1839.95407340999,2652.40717009139,945.50695018544,1047.41472632826,2476.49235830447,5585.50873885986,921.984168026771,1629.55341325662,1050.63312170492,1736.76087465508,110.310381915522,13.4224273718417,93.3685767126678,3966.81870039602,6726.66742295808,12140.1863729177,2176.47079814102,2915.28005219902,12370.572208329,3110.45303878752,470.904900841431,958.308941595953,4483.65347928484,682.344755020172,90.2712905474158,764.650931695757,0,0,0,0,0,0,0,0,0
0,0,0,0,0,0,0,1219.66388837923,1616.18013192639,9852.67577320342,1691.46802627079,1268.51867824644,5518.86410783452,3382.30511526807,1635.47675326748,125.270559824743,949.343712250413,1742.09464722241,2260.80822195717,2289.69113007963,1438.91169824486,4752.83759794086,4894.08785606061,857.120400349532,3562.40666395274,3188.16069108468,1328.820578639,1865.45965847398,2325.43601261824,2958.63335319967,5103.07516256678,6121.54604585216,2690.90728110139,2513.26248560964,4058.00617323879,6304.03404798705,3813.56794561874,5803.0003440493,18903.4055046042,20727.147465957,15887.6867841871,8461.0081342061,10125.3453952028,7154.09478662605,2777.75602445202,902.305137539295,834.083708426107,5207.09416822704,1523.99178747696,1877.11183579479,1473.5460662887,0,0,0,0,0,0,0,0,0
0,0,0,0,0,0,0,225.863683033191,2690.28742457312,3177.14914133355,2584.88437249096,1477.25679093885,2240.95112575374,9276.98090257682,800.339687769193,0,2055.28020177925,1732.30759864251,7819.85181534103,3787.58780042175,4316.08842373642,2953.52377968629,2123.70221999197,1834.77335699822,3947.09703351907,7139.2076704015,1899.53198100318,1260.67593358059,1345.8567399036,1199.41525639578,589.64103769154,12135.8846303059,15266.3425031409,1468.92818871875,2627.02131746965,4105.40913418754,17670.2198173238,23942.260111533,8874.36720387808,2335.50486014945,11583.0774177885,17643.7368992798,9699.94212262826,1934.16452407995,1299.10262740532,610.542513229939,473.238983504174,3692.10991997954,2491.46962087579,788.54627331125,1340.79416842485,0,0,0,0,0,0,0,0,0
0,0,0,0,0,0,0,0,1129.31841516596,110.422245038449,1054.03052082156,692.648627968452,0,0,515.001190390611,704.667497752884,4942.45953285009,20435.3574348336,2084.64134751895,2818.66999101154,1350.61270402636,675.306352013181,3574.31663862288,1044.61548792599,5344.69479604438,1686.57996519565,1575.84491697573,1124.38664346377,979.579272714645,388.88928506016,1650.99490553631,6153.7082842717,6632.14927464412,894.7397644259,4820.97224667837,2260.31909003307,2315.54070247416,14242.6715570744,13174.1148097576,6874.77439277537,7992.0994613313,23942.3946759495,12741.2645504614,4718.8877545077,364.382444272223,303.797845451615,609.295191261624,4010.70038519788,7583.61035105756,17791.0152718679,7842.99237580325,0,0,0,0,0,0,0,0,0
0,0,0,0,0,0,0,0,5.01919295629313,0,160.61417460138,0,0,0,0,636.158157693576,2701.22540805272,2681.65131089292,3493.97634302472,3366.744711486,1291.89041254695,1458.27023840527,1923.37427855255,1285.6806005243,2709.38217989971,3764.99163947716,1686.57996519565,5690.07786237724,2870.59317308552,1058.4446639129,1906.09014738507,1063.86606355751,1339.63293748232,3885.60044691118,2876.40852742815,5622.75356995923,621.913470126484,3385.10424208434,7444.33365300948,3841.54604547198,13112.9742092716,11615.1170916892,7372.99030029855,7888.04503829314,153.146244694123,866.338192746019,857.745657601316,15634.6329175192,1943.56845338066,20493.6801304336,7640.39985985963,0,0,0,0,0,0,0,0,0
0,0,0,0,0,0,0,0,0,0,0,0,0,0,0,919.98256651071,7761.12952386163,3327.5965171664,3885.45828622076,1830.17808444152,2632.71606799341,1663.7982585832,107.657534378913,5330.21748967365,1720.7982582236,1132.90472409607,1652.50764266644,2845.03893118862,1260.67593358059,843.289982597825,1086.22980172927,2605.69478006747,3584.33052847148,5807.37116473593,4234.71821611713,10878.8387421702,3917.82677741008,26135.3580892192,12906.6442047171,21161.1708125399,14012.4634794038,1671.72650321317,55940.0273242835,3585.56570019909,36.9663349261675,1315.87154179422,2798.02548996843,8938.30130093509,4647.70891541045,8385.09706139026,3974.94220557254,0,0,0,0,0,0,0,0,0
0,0,0,0,0,0,0,0,0,0,0,0,0,0,0,430.630137515651,4394.38481237562,3327.5965171664,2153.15068757826,166.37982585832,391.481943196047,988.491906570018,9.78704857990117,13.3925062554614,1418.87581058517,1030.68775650845,4744.5709121918,3407.2322529205,2666.15923791029,4156.82334856301,1330.56954694901,5563.24403624139,3036.12995304024,5449.46401827736,6919.65317683225,5602.48177775829,17800.3875706782,53809.4935374112,6250.5374891606,19195.6577375615,19375.6955622813,10146.3169270164,84504.325263579,3288.88315539749,89.7753848206926,1545.78040267426,2886.75779937546,16486.4630878267,8975.83819615021,7592.04289872128,328.827335740794,0,0,0,0,0,0,0,0,0
0,0,0,0,0,0,0,0,0,0,0,0,0,0,0,0,21335.7659041845,3405.89290580561,1458.27023840527,0,0,459.991283255355,0,0,851.808063230126,2044.3393517523,3049.47286636385,20213.4053404509,4284.59455804753,1507.70027191732,6546.71903691762,4658.99231452724,8886.81824519077,2760.66254112732,344.25111182929,1654.65572873283,7941.29548662576,9900.66052672385,12083.5772452666,8323.76482411918,8204.02197241608,13248.1909589899,10523.1801271627,1029.77647294324,617.865883765943,2854.89762831567,2697.46220597379,4521.99339489941,10648.9576804573,18897.900412868,1499.06579528892,0,0,0,0,0,0,0,0,0
0,0,0,0,0,0,0,0,0,0,0,0,0,0,0,0,812.325032131797,0,0,0,0,0,0,0,2214.70096439833,2248.77328692753,374.795547821255,349.241305924352,638.856047422594,6788.9102639441,2031.99561105171,4605.09651654427,3443.34264891152,119.76843996214,0,1352.32357089029,10587.0247827336,10282.3727398024,4592.47506360082,43.1833312736285,4493.36892482153,7875.47456716031,5265.40134817599,253.48343949372,153.146244694123,9939.47788490182,2786.19451538083,2098.72873742025,9824.31654715379,7270.09052207577,1518.40857974426,0,0,0,0,0,0,0,0,0
0,0,0,0,0,0,0,0,0,0,0,0,0,0,0,0,0,0,0,0,0,0,0,0,0,383.313628453557,161.843532013724,42.5904031615063,0,17.0361612646025,59.8842199810699,263.490567916707,311.397943901563,0,0,2312.43245052539,1505.71922356395,12059.7202319492,11.9285066587034,0,0,2512.42133430881,1975.9996885692,1446.96796710999,2038.42932592867,4244.54127868834,1313.23817922408,3626.59388588077,17153.0229427213,14949.0099477039,11605.6706732045,0,0,0,0,0,0,0,0,0
0,0,0,0,0,0,0,0,0,0,0,0,0,0,0,0,0,0,0,0,0,0,0,0,0,119.253128852218,1465.10986875582,42.5904031615063,0,0,0,0,0,0,0,196.107345627595,686.375709696581,0,0,0,0,270.568451387103,273.597407435423,2651.01430470516,4832.02806534904,3707.04892117096,1904.7869086043,6889.39683540869,10463.6877430147,7132.24040693468,13716.4964359754,0,0,0,0,0,0,0,0,0
0,0,0,0,0,0,0,0,0,0,0,0,0,0,0,0,0,0,0,0,0,0,0,0,0,51.1084837938076,494.048676673473,0,0,0,0,0,0,0,0,0,0,0,0,0,0,0,1277.97900744751,10176.303914675,1916.96851117126,4874.52828607272,3079.54423004988,2428.28093610615,12950.810202837,6377.14268219075,3651.79367204032,0,0,0,0,0,0,0,0,0
0,0,0,0,0,0,0,0,0,0,0,0,0,0,0,0,0,0,0,0,0,0,0,0,0,0,315.168983395147,0,0,0,0,0,0,0,0,0,0,0,0,0,0,0,306.292489388245,3163.26208868205,6293.783009757,5039.22307852333,6313.118135984,7749.00677655027,1731.13066405738,3933.35148153695,7259.16252682801,0,0,0,0,0,0,0,0,0
0,0,0,0,0,0,0,0,0,0,0,0,0,0,0,0,0,0,0,0,0,0,0,0,0,0,0,0,0,0,0,0,0,0,0,0,0,0,0,0,0,0,0,0,3580.59766428846,2161.04562704545,4534.39649116459,16639.8703857941,5212.05077746679,5491.77003325457,1761.71030516431,0,0,0,0,0,0,0,0,0
0,0,0,0,0,0,0,0,0,0,0,0,0,0,0,0,0,0,0,0,0,0,0,0,0,0,0,0,0,0,0,0,0,0,0,0,0,0,0,0,0,0,0,0,342.218603106762,2186.39663095987,7918.55823299813,44013.114788453,12870.5121651868,5751.03777305704,2671.68463634422,0,0,0,0,0,0,0,0,0
0,0,0,0,0,0,0,0,0,0,0,0,0,0,0,0,0,0,0,0,0,0,0,0,0,0,0,0,0,0,0,0,0,0,0,0,0,0,0,0,0,0,0,0,5085.74868505882,2005.78125709796,7500.2910514232,22288.4374744963,9735.13415492972,2897.35827047684,6690.13128283471,0,0,0,0,0,0,0,0,0
0,0,0,0,0,0,0,0,0,0,0,0,0,0,0,0,0,0,0,0,0,0,0,0,0,0,0,0,0,0,0,0,0,0,0,0,0,0,0,0,0,0,0,0,0,3612.30747723804,12541.8374568894,9173.36564227404,4062.12541438713,4717.30693283666,13438.5009228649,0,0,0,0,0,0,0,0,0
0,0,0,0,0,0,0,0,0,0,0,0,0,0,0,0,0,0,0,0,0,0,0,0,0,0,0,0,0,0,0,0,0,0,0,0,0,0,0,0,0,0,0,0,0,1900.39593772427,7584.44696905941,7495.660591858,4899.30179907264,1965.54455534861,10788.655670469,0,0,0,0,0,0,0,0,0
0,0,0,0,0,0,0,0,0,0,0,0,0,0,0,0,0,0,0,0,0,0,0,0,0,0,0,0,0,0,0,0,0,0,0,0,0,0,0,0,0,0,0,0,0,1793.65818809349,20747.7345979301,15557.6941815859,5965.55477167692,43656.9285126874,575.103777305704,0,0,0,0,0,0,0,0,0
0,0,0,0,0,0,0,0,0,0,0,0,0,0,0,0,0,0,0,0,0,0,0,0,0,0,0,0,0,0,0,0,0,0,0,0,0,0,0,0,0,0,0,0,0,2786.26514655299,23581.6855604715,28113.9363378501,13632.4001278983,0,0,0,0,0,0,0,0,0,0,0
0,0,0,0,0,0,0,0,0,0,0,0,0,0,0,0,0,0,0,0,0,0,0,0,0,0,0,0,0,0,0,0,0,0,0,0,0,0,0,0,0,0,0,0,0,0,7120.4521374914,24389.672677515,3720.79943266102,0,0,0,0,0,0,0,0,0,0,0
0,0,0,0,0,0,0,0,0,0,0,0,0,0,0,0,0,0,0,0,0,0,0,0,0,0,0,0,0,0,0,0,0,0,0,0,0,0,0,0,0,0,0,0,0,0,4310.76402738926,13689.8602549438,0,0,0,0,0,0,0,0,0,0,0,0
0,0,0,0,0,0,0,0,0,0,0,0,0,0,0,0,0,0,0,0,0,0,0,0,0,0,0,0,0,0,0,0,0,0,0,0,0,0,0,0,0,0,0,0,0,0,2648.13653315514,30322.8393404069,0,0,0,0,0,0,0,0,0,0,0,0
0,0,0,0,0,0,0,0,0,0,0,0,0,0,0,0,0,0,0,0,0,0,0,0,0,0,0,0,0,0,0,0,0,0,0,0,0,0,0,0,0,0,0,0,0,0,3224.69284163955,35451.5088286694,0,0,0,0,0,0,0,0,0,0,0,0
0,0,0,0,0,0,0,0,0,0,0,0,0,0,0,0,0,0,0,0,0,0,0,0,0,0,0,0,0,0,0,0,0,0,0,0,0,0,0,0,0,0,0,0,0,0,0,0,0,0,0,0,0,0,0,0,0,0,0,0
0,0,0,0,0,0,0,0,0,0,0,0,0,0,0,0,0,0,0,0,0,0,0,0,0,0,0,0,0,0,0,0,0,0,0,0,0,0,0,0,0,0,0,0,0,0,0,0,0,0,0,0,0,0,0,0,0,0,0,0
0,0,0,0,0,0,0,0,0,0,0,0,0,0,0,0,0,0,0,0,0,0,0,0,0,0,0,0,0,0,0,0,0,0,0,0,0,0,0,0,0,0,0,0,0,0,0,0,0,0,0,0,0,0,0,0,0,0,0,0
0,0,0,0,0,0,0,0,0,0,0,0,0,0,0,0,0,0,0,0,0,0,0,0,0,0,0,0,0,0,0,0,0,0,0,0,0,0,0,0,0,0,0,0,0,0,0,0,0,0,0,0,0,0,0,0,0,0,0,0
