"V1","V2","V3","V4","V5","V6","V7","V8","V9","V10","V11","V12","V13","V14","V15","V16","V17","V18","V19","V20","V21","V22","V23","V24","V25","V26","V27","V28","V29","V30","V31","V32","V33","V34","V35","V36","V37","V38","V39","V40","V41","V42","V43","V44","V45","V46","V47","V48","V49","V50","V51","V52","V53","V54"
0,0,0,0,0,0,0,0,0,0,0,0,0,0,0,0,0,0,0,0,0,0,0,0,0,0,0,0,0,0,0,0,0,0,0,0,0,0,0,0,0,0,0,0,0,0,0,0,0,0,0,0,0,0
0,0,0,0,0,0,0,0,0,0,0,0,0,0,0,0,0,0,0,0,0,0,0,0,0,0,0,0,0,0,0,0,0,0,0,0,0,0,0,0,0,0,0,0,0,0,0,0,0,0,0,0,0,0
0,0,0,0,0,0,0,0,0,0,0,0,0,0,0,0,0,0,0,0,0,0,0,0,0,0,0,0,0,0,0,0,0,0,0,0,0,0,0,0,0,0,0,0,0,0,0,0,0,0,0,0,0,0
0,0,0,0,0,0,0,0,0,0,0,0,0,0,0,0,0,0,0,0,0,0,0,0,0,0,0,0,0,0,0,0,0,0,0,0,46.5473615562064,519.182109665379,923.78609857702,42.9667952826521,0,0,0,0,0,0,0,0,0,0,0,0,0,0
0,0,0,0,0,0,0,0,0,0,0,0,0,0,0,0,0,0,0,0,0,0,0,0,0,0,0,0,0,0,0,0,0,0,0,214.83397641326,3548.34117709235,5292.07695231331,5037.85674689096,4379.03255255696,3444.99970174853,431.535740968696,0,0,0,0,0,0,0,0,0,0,0,0
0,0,0,0,0,0,0,0,0,0,0,0,0,0,0,0,0,0,0,0,0,0,0,0,0,0,0,0,0,0,0,0,0,0,482.965623463223,5574.55555405974,7941.69599474353,13910.4999727586,7665.99239167984,2112.40709093997,6317.72883977154,5459.61507550461,1051.76325801745,0,0,0,0,0,0,0,491.83603245371,3615.65948182187,0,0
0,0,0,0,0,0,0,0,0,0,0,0,0,0,0,0,0,0,0,0,0,0,0,0,0,0,0,0,0,0,0,0,0,0,14782.9477790482,6678.90531502659,5571.36112165055,3043.48133252119,4006.65366010731,1065.75919234471,5567.37886868166,6083.86707747029,14160.8857805421,944.985262279634,10.6777995737812,0,0,0,0,0,239.271583355859,4812.01739860116,0,0
0,0,0,0,0,0,0,0,0,0,0,0,0,0,0,0,0,0,0,0,0,0,0,0,0,0,0,0,0,0,0,83.9940214718648,7265.48285731631,5872.58200124122,9435.32841200615,7954.33218985207,3806.14194878826,10.741698820663,9098.21890110158,7099.63340332695,6785.33171654726,7736.78478806745,9564.94813476617,3571.7239574298,4703.57071225061,405.756383803685,165.505893393608,0,0,0,26.5857314839843,4200.54557446952,0,0
0,0,0,1290.10515540168,8527.74866115219,641.21297902405,0,0,0,0,0,0,0,0,0,0,0,0,0,0,0,0,0,0,0,0,0,0,0,6647.41347106534,6592.41935755084,9792.52587083918,15384.9049329299,7671.45396109699,167.98804294373,8238.81323304073,7404.44942295259,7486.96407800212,7299.03193708906,6956.53584583871,7100.4663694915,10159.7983143373,11667.1656175238,10825.9143049973,6315.91844789157,2119.54321539556,272.28388913142,0,0,0,53.1714629679687,11458.4502695972,0,0
0,172.781940455582,3087.03733613974,3282.85686865607,15857.5425351457,15450.9666652991,809.543817463698,378.004629228301,0,0,0,0,0,0,0,0,0,0,0,0,0,0,0,0,0,0,0,0,8290.36261231106,5334.42901090662,12139.9505583262,4160.20097909923,31345.0665387723,7559.46193246783,160.988541154408,8223.59356529392,3231.53633276011,8454.75311966307,2286.06344228343,1717.62581109251,9834.47241260239,6453.0890160834,9966.53121798509,12022.852064555,4687.55401288994,6876.50292551508,1932.68172285439,0,0,0,0,16004.6103533586,0,0
0,8835.30328332257,20772.2288414378,8746.60578572926,11920.5981338493,9815.99680822147,3446.26853121462,2379.40413933886,3452.23927429172,2395.95893393387,220.123435626433,241.289150590513,550.308589066082,468.116418374567,0,0,0,110.890154785294,0,0,0,0,0,0,0,0,0,4140.63220919137,9917.17295602363,10084.5455657217,23806.180899669,5754.03229983586,12784.3036919974,18388.2387695289,3603.90189667325,10708.6015305222,3235.06302517779,6949.82798175627,7930.35551088069,2910.02720061127,3943.4417381942,8571.09474989798,4154.96946060499,4408.00136956821,3043.17287852764,5381.61098518571,4751.62081033262,747.445970164683,71.91199594732,5503.24641718476,93.0500601939451,22996.6577336464,0,0
0,4541.0130674053,9674.31468458866,11164.2848635158,13195.4816550153,22979.1438709397,4438.94265009756,4262.67720281557,3603.37276320768,5215.23216714933,4791.91786786773,6320.08248827432,4651.02321554152,1749.05316319952,34.0448304272413,174.479755939611,480.157320224468,417.417721111337,36.9633849284314,0,0,0,0,0,0,0,1160.87191676526,24201.4887018346,10574.8710744564,10545.1550373262,4489.95245176427,3750.1969026331,34133.9730989195,6309.36942331567,5804.33041997034,10408.2104268612,7388.57974828129,2164.50871485675,3551.39943656598,15655.5176210966,4956.83909370422,4596.32541405875,3484.47409033991,2945.12899593863,2909.70038385537,1943.35952242817,6187.78485300619,8243.26127095907,5572.94123791003,2047.10132426679,2818.08753730234,46790.8874118124,0,0
0,6629.21670890637,12228.1414669483,7191.85562329739,11070.1214098491,10164.6501916154,10877.7582143108,5265.06447853705,5534.11159870182,4461.73271442808,2696.5120864238,4101.91556003872,3078.15826949286,5442.9172645552,3787.48738503059,693.663419955041,893.676798715083,1025.12465655456,457.421888489339,147.853539713726,0,0,0,0,0,7.68789348851163,6926.79203314898,15852.436373311,15821.05036836,4638.60357481921,7740.35607393421,27160.0494238714,5278.96111546701,7110.11898673581,7567.52567630454,4554.53522250335,1608.7564772584,3106.36250699712,8149.0508419756,9109.30829503686,13751.91744281,13232.0219954065,12276.5059363918,13231.8693822898,2722.8388913142,1356.08054587021,176.183692967389,1361.4194456571,6330.2438477855,903.914870455467,3389.680764208,15898.2674274226,0,0
0,4341.61522600128,8757.61198273467,5057.83793869487,7862.06261590579,4473.33882232783,7509.46696458008,5200.93869322153,9968.04304751042,11082.9772218001,4631.05843414072,6383.57963316656,6473.54324432191,4562.00727725033,2817.20971785421,2770.39807601676,1161.77983832961,1500.78005254637,1871.27136200184,591.414158854903,480.799749597764,124.088587986174,525.899253846167,0,0,4690.75951010338,2953.29558169975,7130.0369246162,4881.82536476756,4814.36568605916,9064.81700214073,81342.5419414109,7139.30634300885,3744.20639504623,598.416806075198,18773.7195004443,7394.42977183496,14016.3724554729,11183.0024105777,8734.02576578913,17709.2050600097,11590.561784735,10946.3478740434,12226.5679677376,2338.43810665808,1690.94867510546,7728.9443428318,4793.99775459897,6921.26552845168,624.764689873632,1448.92236587715,8243.12888930848,5186.92871577245,0
0,2024.40019950822,4265.55018953909,1058.83826705058,5657.31261691452,7974.62879233237,2986.91157917006,2551.53124729103,5197.70311233316,58729.4749119727,4015.23745809495,6835.73888478516,5068.69704035906,2978.92266238361,2183.12475114685,2251.21441200133,1463.92770837137,10282.4876112901,5174.8738899804,702.304313640198,371.76907304794,242.268195592055,242.268195592055,11.817960760588,47.2718430423521,2566.27639815582,771.787465595952,6482.15147718254,6895.78010380312,7365.40230096385,656.717714530912,3290.05692799306,4115.83389146373,624.244321323562,2797.14522233634,5004.84075721587,26039.0796316902,8540.64522146849,13431.5493578856,17604.1430705513,6560.08564240829,37468.2291997915,1522.44604472732,2130.18378011346,4059.3977226422,3394.6661331911,5854.656310127,8998.65981201544,9994.80106424958,2052.23741872929,2720.37814652675,7508.32724172547,4559.82553232313,0
0,456.936045031856,1576.99451820079,2789.91316934747,4784.68690029655,1844.71486419013,2666.28265259248,3199.53918311097,5194.94140119303,4655.43245593049,5610.2193305286,2732.31563049884,6449.06254805969,4255.60380340516,8498.4407954001,9277.21629142324,3361.92700469007,1912.22538497951,2300.60589248221,850.157853353923,318.809195007721,140.214111304337,472.718430423521,862.711135522926,259.995136732937,460.900469662933,3829.01928643052,1731.33125142615,2085.87007424379,2469.9537989629,2161.65259198936,14466.9315848902,2573.23066229312,3216.3107752337,4451.73867630486,6886.32673051686,14461.7394801506,14057.825463268,14837.8951194655,10955.8676134,8937.48892589465,17673.6895606485,351.413124302221,2529.35302824218,7871.06361935502,10250.0704885758,5377.08615794141,4859.71849307369,10068.9770612115,9144.87831517087,2182.1571703787,12159.5347528617,7757.37953631736,0
0,841.572082938418,2038.86020093328,1898.30647975353,917.375317625986,849.502512265802,2176.90165939513,1272.39058231312,3052.3116212151,3340.63325001339,3341.75406109338,2637.5140968508,4060.34158351575,2293.77045003538,1408.60485892711,2063.9678446515,3604.49642148417,1906.51050392551,2175.24519313934,2596.67779122231,1025.73393176397,443.560619141177,455.654325429921,868.62011590322,525.899253846167,6251.70124235107,4094.92340354375,3829.01928643052,2292.68438755408,2475.86277934319,3401.64020722901,10305.9880961326,31610.5194739822,4378.94080350128,10275.0985986264,24594.323334466,9641.5297181248,8467.75250666664,8388.05888323109,6812.59481653395,6531.5828871999,14619.2841762152,4295.28380284395,3957.64153894536,2025.25120093517,2241.92654776011,2715.07475409213,512.945719014148,2989.3977809678,5203.12042070067,1217.2148378124,6464.48294693113,6628.46007534109,0
0,1075.82410602437,1752.55217271712,2102.48420720354,716.481567150212,755.99676645802,3999.42397888872,604.132398498802,3758.46599043856,5322.6738136805,4855.19283040315,1600.04796408712,2259.72561960814,2587.40711247034,1480.95012358499,153.201736922586,1365.72666052422,191.98387981429,2587.79244164039,1270.61635691483,2407.2404434641,2374.89748165172,494.385273417771,27.7225386963236,2381.31909325849,1229.06791910116,3066.76081737259,6789.41845695782,2334.04725021614,2498.94447631155,5031.2180075819,16715.6315796283,83951.9620189584,6040.32873122507,8150.22078651911,12013.5746926067,15483.1352571263,5613.83707149559,6437.92635076931,30497.924964276,17145.7276158164,27701.1227583939,10686.2693085594,9670.79558175811,2816.77950872424,2131.37790142085,3524.29084529548,2906.29773805554,987.400348949541,3125.62791826814,2829.58663991928,5313.35277946939,11187.3367484462,0
0,3374.96433260871,1865.34018383258,1709.17216844194,2276.00422430424,1240.31000120848,2804.6593472207,2616.77681858959,2916.37280899877,6233.01937946032,3509.06942673688,3346.00966489679,1582.02764028352,880.909987304868,1212.84708397047,273.188082568397,921.883857399716,405.673283281127,1020.34213861565,503.626119649878,734.647275452575,4560.35761554523,642.238813131496,161.714809061888,3160.75301240099,1093.16137035439,324.993920916171,1884.96474131379,5802.24453433908,14636.0310615215,4385.12157108237,2849.4898550712,23847.917584082,15654.7380447389,5700.67573280897,20620.927796019,13529.9733901594,5754.74858846625,1833.351866145,10560.0718597956,12587.7231522784,11645.7445738521,6116.17772931811,3502.18111602763,3197.04462876645,4551.01546775594,5074.6529077128,7472.90706333748,3131.91853227397,4548.77593617186,4865.57865361415,5656.59085578066,6276.88099992563,5867.14806067391
0,1729.41617043702,2863.08028216163,1003.52409889908,711.43207011289,536.958462915999,1064.09785580007,1343.85835561485,3163.14281591405,3522.08100779082,5500.89949901805,1808.00067743046,524.028392805397,574.506513459696,685.15221234823,410.62434806335,577.636087864379,349.119060171448,395.899782840159,292.15073159226,614.516274435173,471.283157837501,1663.35232177941,1820.44670772525,2043.51557456008,650.208787214769,537.717214606756,1928.86288869556,4034.31597111328,4220.27216963221,8160.00446852262,20061.9040372021,10293.0726562989,9806.3642091572,25181.8877345277,19501.1623305051,10713.1316821626,2064.82992196268,9203.85026443316,3248.10605186962,4444.55119635419,2728.69791504371,9726.85569082104,4351.19471991311,3645.86725955847,3733.13691174191,8326.95237243926,4895.680042368,24334.1632419738,6300.8977130035,5373.2115102907,6762.49434106643,5081.82659377478,5314.11989435657
0,352.824034771433,2192.1362160389,858.924084648489,902.304088923665,49.1640048451997,263.234485928979,343.899224176555,2407.87703717334,3589.38191876771,2684.55856007835,1743.87038004823,317.832600914201,102.134491281724,342.107182573346,425.933680950502,752.677326611161,425.933680950502,772.002606009264,1170.12681422215,702.304313640198,2351.79536607145,323.429618123775,212.539463338481,2495.02848266912,1024.16741095936,1645.63354570576,4132.50339102334,28548.7009273465,12527.0136672264,10173.1545486848,2101.64726801257,3248.94162263247,15338.634542227,4844.63115268324,14552.3073004616,4348.12450534283,1075.63707753594,18476.5836914671,4212.47032828115,2256.36162809832,12378.4735759788,5042.7417546245,1495.25970935171,5581.12884135434,12181.7362922429,5526.8920818384,3139.50810841875,7590.57188821538,5738.79328066154,6484.5352725148,5261.32024112265,5318.54175332706,3892.31830831126
0,458.731894985872,5568.47767670947,2116.9442086286,1015.09210003912,413.55604075668,228.468022515928,646.666528307177,2976.19584097823,1031.94730164572,2041.46096629914,2152.63928174593,259.591832007715,165.968548332801,335.924744125711,355.917185451789,2503.08971407898,447.837855723955,167.007595130313,999.455234015414,246.354556795568,951.80716190711,240.262002034804,166.335232177941,499.005696533825,4307.75197919005,2084.08405874155,5980.33914388067,4483.80341853585,13631.2546744146,7143.35114170314,2681.93182664275,5044.66752595408,13625.9871284276,18712.5185047487,6543.29010209348,5419.00413978465,5964.83075991738,12849.3591774614,13825.3390497125,14227.4468173177,12475.067458134,12320.7158354947,3717.93849691326,9431.5544716891,2898.84029734052,5666.45675221657,23809.1203154291,7550.9291169494,15789.2974383262,2835.08161464638,5507.33759601916,5162.1305546106,6161.52412368301
0,150.248803603256,13242.3579491479,937.31134125885,5005.59703968682,3303.4900533797,76.7686272981221,4602.59192052055,1675.04489542493,1742.34580640183,515.973650822859,345.779530357719,59.5784532476722,45.7142463436934,250.410733542663,64.1817875404866,145.867698955651,209.571267476321,176.764134967496,283.893913735676,104.389543660683,272.604963847182,355.772579936153,263.364117615074,1161.2145541446,1472.28955490568,2993.26082299676,7765.12930054217,9505.39039950186,24218.6644780613,93905.773013446,24691.0444268825,5486.4623689964,19948.1789584673,11449.3176815289,7554.35645577808,9896.87186318929,6864.31214228404,9761.38294085724,11893.4154526391,22102.6024301573,4441.63089904975,5360.69764469217,11301.9949640325,7457.70025213245,6202.36200371148,6590.56153577768,6342.94285252929,22290.0532694639,23318.7751127369,5054.42890689947,4958.39441333964,26598.4778120613,16057.7828184987
0,651.078148947445,996.093920184552,3717.26669655464,1975.49352885763,1363.36877343696,818.898184326971,2409.60859443655,3424.86858082419,1764.77944339413,934.734874679092,807.778150364741,47.7750591595718,120.949762967926,116.694159164521,116.694159164521,3780.89075693048,764.346742527613,42.8519115072718,144.625201337042,84.9677571921886,221.543403435647,231.266571250736,645.771666751408,1349.32778731525,1320.22325810343,1589.64134102653,5502.09409368019,7206.12028106129,17994.8967180963,14590.9143982738,1005.76923119887,10932.2668499121,7521.67593857381,9445.74332001018,10597.580620428,18601.6012147006,5672.39248828249,11486.8056498332,15794.81102029,8907.23302616578,7927.72362414587,1149.95540137933,14701.8192105226,7162.87406764266,4480.40131426562,6852.98372068887,14880.7001971432,8814.77276594496,4476.48381086217,8292.65836596865,8304.35603581345,18698.4985609658,4042.02285863093
0,244.84990216827,690.031542474215,539.782738870958,1035.04731371132,2136.87187346854,829.150805069823,1404.96847663235,1144.11548660721,486.062134833128,2101.2839982786,309.141404774555,128.363575080973,87.5206193733908,221.71890241259,122.528867122747,1009.40447677311,23548.8813194003,926.862566203307,2442.5589559145,112.486267706589,106.287006985993,164.936928540044,171.667171954667,1654.67649549372,1445.27718163478,4876.02751768775,2857.97219822854,10639.9131870942,10353.7114885227,12941.857028453,4739.105937601,7565.54049043852,3447.19134546793,6995.9604062625,5972.15436368806,9218.9783733458,21193.7027044783,8571.86911278562,19885.6677930149,4385.40425436854,3463.23777857263,4426.36067637596,30385.1424420456,6456.5430672439,5686.00451209878,3888.83068127706,4949.844951756,3517.44182664856,6059.44091179131,2008.02051685653,8950.88306110254,177502.69524596,874.589741341195
0,122.424951084135,829.150805069823,1419.0164784752,1035.04731371132,1491.35849502492,1146.34272378781,1432.75734788446,2991.15159897309,643.097593779215,2525.87993009306,175.444777661372,134.198283039199,70.0164954987126,52.5123716240345,717.669078861804,169.206530788556,1476.18111343119,519.579427025671,460.658048703172,294.606891612494,425.328999122938,42.7614259177893,476.484460226795,226.180046922049,824.684642700222,43273.8873883952,12621.3012856681,4782.29653017435,12006.6720263867,25625.4948786703,5515.01670921242,7907.23926245628,9989.87470410086,8095.76665316318,4902.31870815837,11591.084554643,58137.7223430772,8124.9673466861,7230.87121221206,6266.81121836952,10122.2000557843,12215.8937725855,19244.3379824194,6880.06023313781,4311.87276363309,2276.5372286189,8236.28754371661,1075.48217512994,658.251700392271,3791.41500979352,8664.0501245589,443161.700461242,0
0,150.248803603256,901.492821619539,667.772460458918,728.984936000985,1769.59702021613,589.865673405377,1408.16280619454,851.270712376849,245.126835876074,283.923081629859,385.661482799515,204.214778537912,402.594849117598,332.578353618885,717.669078861804,75.8512034569387,717.669078861804,514.222938087262,1740.85890498292,955.440432846462,188.710228461274,91.6316269666913,452.049359702344,134.393052884481,7385.50913351532,8464.36459497826,5315.71554818445,8757.87129829505,15254.2598214757,32218.374673625,12993.8532354759,8968.69674628725,5180.74845615073,12436.6399712549,36319.2617522253,87452.0497990801,661700.429484382,93843.240428992,22185.88249076,19842.9456879324,114156.884552193,33823.848364146,9981.50475802896,12819.9601153482,4594.92277075369,4377.73103382633,11190.4601007191,7548.79577353862,435.638349419722,8161.4122024101,84623.874758147,72772.1455572235,0
0,328.321459725635,940.446215146309,868.104198596593,1051.7416252228,723.420165497161,940.446215146309,1531.90722920867,1487.21584367987,428.727669884397,175.041238746782,210.049486496138,70.0164954987126,1785.42063521717,986.065644940203,87.5206193733908,274.231274036624,881.233061132976,953.455031036799,771.334407130893,683.854554962494,91.6316269666913,806.358317306883,171.045703671157,3708.02650458544,2034.22211866055,5373.56401020758,2560.49765866022,2062.33845122115,4506.11847737285,5258.02926658831,2910.34724227083,10863.8241121049,17295.9035974873,26250.5859733564,41626.6163879569,52598.1433868846,1064482.65350722,345152.205964183,43899.9538163496,22975.0486365325,36945.9886888964,14051.6848737986,8773.24958435684,15348.3776544002,10289.3290746169,7675.54717950175,6091.51703363949,10475.7999544659,4077.30267660021,19938.1730526104,37165.509693149,12498.6396996837,0
0,728.984936000985,356.145312244756,1217.98211046092,581.510068728912,1080.19719795669,751.762477237267,1463.99262738503,4040.6196515827,140.245616510566,484.280760532762,501.78488440744,227.553610370816,344.247769535337,99.1900352898429,618.479043571961,1715.40413971846,381.553212245646,219.616046474768,1242.70543371088,810.634260330454,7104.50547748413,5027.5219329058,2376.31352600286,940.751370191364,3036.06124016304,6310.31820514535,1661.80486832826,1113.87198317082,7891.13203661923,4512.3530520469,4772.1201276638,8596.03899265222,7693.58409155847,38156.8085120238,18414.4677326362,27068.5763835827,542806.906426891,126401.178222652,37385.2841398517,23723.561753444,12705.0854844999,6620.50277511624,5379.92459148225,17183.162367084,5941.59851889791,18087.5893911286,16567.6238960758,13734.8587664042,878.083548049127,2750.98138015692,14106.6686285063,0,0
0,113.413436589618,747.757666770772,595.416448818408,1764.24550950148,1342.36186662357,1400.76572959937,1727.51130031434,710.036424281742,93.3553273316168,262.561858120172,443.43780482518,787.685574360517,402.594849117598,519.289008282119,52.5123716240345,1581.20585667926,38.451860608497,267.824446920449,3487.07429890425,11103.2618411291,354.30895760454,549.789761800148,500.919560751246,1343.93052884481,3604.17732735652,4345.16371418762,1304.15452325582,1233.42876636216,1843.47636036241,2751.27630727563,3617.97244633682,3695.97968538914,9733.36364086415,20013.6677250522,47111.1536432141,16554.4886270974,69637.5275811191,16596.2370060116,19461.6903397276,19604.9190124792,13137.2823888,16605.2484590844,5521.49423666772,13915.9611222874,4823.20223915146,7021.64495488319,7546.70274403482,11137.3761276946,2395.0500937336,7936.46603507372,31201.003130115,0,0
0,790.617998220584,2656.13728791655,1418.74433860747,3278.08197894469,3870.84130473591,798.680550701184,3572.14201081948,958.915170937198,667.811402738744,600.974919697283,1359.48695426667,3144.90758948384,8972.57156057714,571.801379906153,87.5206193733908,970.286596868528,611.596177018258,214.259557536359,915.959608467936,260.51095764922,146.610603146706,91.6316269666913,464.266909964569,439.831809440118,1149.4544262516,13049.3075967344,2181.43545668301,1525.52454683212,1453.09694852971,3211.44088325017,6440.77691222924,6148.56628606053,5527.50885022987,51463.6272125286,27038.972233412,31621.2491496371,16792.604821018,8464.35863757387,7034.08886140716,7541.84875816343,9017.61910945376,16519.1874332462,11178.8743036062,10998.3060121451,9223.78012841017,10533.4092958925,6857.28825009494,4829.73054208883,5122.65460100742,17318.0335898708,23912.2020694061,0,0
0,4643.27241603367,7522.75301337628,3988.44352881334,4456.14269012794,5907.37689955658,5324.44979841864,2211.43343612774,2964.58507045469,2908.23606935426,1376.99107814135,1746.50229939168,2208.05730082755,2957.09707558894,869.371485775682,242.76271886683,112.486267706589,1306.98330097179,717.769517746803,133.912223460225,505.133419662177,189.372029064495,177.15447880227,281.003656031187,232.133454982285,560.902082909274,1935.77831066015,2279.69831509215,5163.29600295323,987.39457082289,2525.94653511994,28751.2565529079,883.224447600809,2468.02802279212,11666.2431443047,12396.1547244338,15126.1960948058,3723.85923496842,13171.9297036667,16722.4299294059,16605.8746389084,5946.33844527711,4263.54710564625,7129.47656153814,22316.1650776883,5520.63687488589,7408.93776789218,350.647814530018,247.653843102837,14355.9728105925,47810.6150688231,33541.6487445118,0,0
0,1437.36107600472,13722.6146131017,18472.0447525705,14819.6622798125,3955.32461001139,2393.52580682746,3488.87362234737,5541.21209465236,4614.0254926072,1861.27183867411,704.023909077486,1649.21489297669,2319.01645765052,2783.76876880983,696.257046493279,1296.62305297671,1939.04899570405,91.0603119529527,466.014537641581,906.689118863886,494.810785620133,967.647209658584,236.545556188945,382.540959881125,617.72976168912,4647.83320275254,6957.01037536743,1333.98018331234,1282.18984178726,3542.5019184329,3401.23218667053,2004.87625845794,3370.06662785,2704.8393232837,27176.64189954,6716.80371208384,4050.74687138192,13703.2850117695,13339.0489117108,14038.2003902669,7387.20282331012,5519.54325051921,7315.54387893487,6087.56541258103,42018.1806588537,26535.8490194063,9089.16045558072,14188.4711479648,21536.7372378024,160773.209443042,17735.2231859147,0,0
0,741.863781163725,9946.83890147851,5636.71611115669,3682.151111766,3841.50231907581,4886.80918216289,4163.41046528281,1251.7136964142,108.82318161798,2354.87401941241,333.867909757732,1987.42598096557,2189.65529130943,1168.04860284819,354.080777310417,692.098326341178,2362.21162183836,1349.83521247906,310.676358427721,2219.66230790046,1105.68829873141,1679.37756623687,1431.46466925564,637.039250715859,1151.00555244157,2316.67175203508,6740.83208686731,3748.17664377284,3045.20087424474,15700.9732609639,2169.08493339904,3244.55204208277,1832.51295220149,4709.89612973114,1933.65219547605,6789.91457740577,13932.7476493198,31482.7589781126,10223.9562534326,9294.2949671137,6539.12897920454,9036.72931113426,13580.2433577369,10583.7755082419,10706.2271395262,13052.2242875325,15566.9174503195,15758.6051753907,38540.6950601304,65487.2460585605,0,0,0
0,17982.1371878253,20326.8802350583,6732.5121059102,744.02139756057,1720.40457482979,4477.36431139425,3023.1447755501,2788.90595516849,235.992839417368,59.2741082042363,138.329773355931,1077.39408441818,5341.64316287588,8385.54295477578,2417.53392209557,4306.61710648082,2356.85513289995,1264.13138946452,1323.05276778702,5816.8091050932,1269.15702354618,526.571921676951,1506.4104634575,1806.19364026496,2055.84646755185,3912.68865684639,953.149726568702,2752.93701324911,3054.62874072847,4176.54485229232,1689.53659530594,615.021470259404,1788.58284718296,5318.12250195285,2938.43068981052,9993.57949392278,21024.185487623,15420.1957493217,15511.6891266934,6056.54144239369,9565.64830129469,27130.7172359283,15034.5691545635,7479.90199378705,21031.1065532363,6756.27019117843,18373.9633728602,28019.027802919,22354.3436263343,18451.4277388708,0,0,0
0,18161.288503078,46814.7709605971,7145.08243722548,1519.44236591697,946.006141657025,6741.68604910808,2649.82665556691,2320.42831440528,156.187648020026,303.343965515797,317.290814505029,2032.75324018057,6297.00231863828,9965.02360280631,2792.43508414299,5517.18360656125,857.038230145437,166.051157090678,1028.44587617452,4779.87844339536,494.642241732314,5126.29232340762,1588.85083707955,2293.34130257709,2808.47747308838,6500.50073116306,1411.39938687702,509.104790121411,4798.78404021848,1991.67157417279,1135.16109517576,43.9301050185288,581.436875325817,1028.21570255673,2128.06433256048,20694.1203611512,8679.84961028272,19508.2359625523,9274.72803034083,23711.7030584864,15169.8981948037,15627.1755198005,16890.1102196876,11586.4325456121,13003.2435332046,6245.12685517459,10687.1944076988,12472.2970084441,22807.8018435704,29943.2478996623,0,0,0
0,11810.5906599188,19509.2739215424,880.516276684746,1941.74262925297,3991.72192757468,3118.30429633012,3872.26049943342,1383.47303287886,7415.51184799594,1480.26800681636,1004.6748094097,4353.8648781113,7200.06079069105,16835.9101782013,5655.9088556042,3899.52394716174,230.329024351586,776.690896069302,203.546579659541,1226.63596689566,1147.79601019926,4564.19886689362,3260.14204778116,379.392383850784,2191.26174252392,4318.73408574147,693.149483687194,47573.0142769007,9314.73208592508,1413.83638446326,954.142282251795,1487.21548443211,5401.39511581002,2799.08535034526,4961.14105181383,3147.93213947578,5761.06092578209,10243.4430769291,11042.1761965365,26417.0186344496,9948.93955517214,2979.96841494383,18193.5367077783,129374.71970491,10950.2453378899,30391.6577082565,20502.5164383941,58627.2820294504,50666.5038526209,7419.28038451099,0,0,0
0,7780.82809543261,21637.4722034127,13234.0642214683,924.163178361023,1493.36578761835,1346.87321719423,373.318119983184,278.158599203157,3342.91921611944,2671.77362942475,3352.62203411281,5160.19613884309,14536.7449148944,32432.9189051917,14575.5482575225,1388.2757902152,573.144316409761,37.4954225688629,712.413028808394,439.232092949536,2722.96416557838,373.671188502405,59.9566353614926,615.388838402018,452.009148682065,5610.80921516215,6562.49111257298,1772.43889894121,2055.2748934531,2395.27812677001,580.025068291078,1552.36603725855,1059.37375414936,3867.06811134891,1013.56989495078,1416.5694627641,5982.21294971744,17933.8200600739,15271.3472426943,9889.39102736803,9068.76890673277,6987.68316946307,18803.8532063301,39070.3992411185,5928.121521423,17127.9597235481,22628.2960949669,44708.6628108719,31841.6432787911,6838.641050071,0,0,0
0,12038.6544839725,35754.2744589875,83666.8687078628,14906.7154343605,2379.18297600093,7561.5219204437,6924.68512753121,1343.90888446477,2007.39884083653,13546.5178000265,3887.02852441393,33437.3810077171,35858.9966840028,230342.216676383,53028.9121643486,4501.04635854343,1005.93961244603,358.884758873402,16.0694668152269,107.12977876818,117.842756644998,2313.68695035587,217.342803185411,1406.65457867463,265.30971770469,11221.6184303243,1117.08048304471,1200.47513546806,3497.73846546377,424.09308975596,2829.23932255032,548.425827000093,685.477135037822,1701.2296169575,914.505645615837,1302.59816215149,5527.94836230494,13749.184404064,16234.0509638217,3367.86238090492,19928.6373711575,37280.356801604,17850.6056318171,16828.5774103297,13246.1261229267,31617.3378876995,43956.4342576808,24711.4207932481,14990.0412394861,7338.63603250543,0,0,0
0,11806.5041220227,33173.0659926395,35605.7526784361,3419.60943274915,6632.75481192777,37405.0116296876,4889.73537546602,4796.62647991429,1289.49112890332,2108.82467071652,1724.58966715377,10722.8373087281,8185.09914566243,38314.987251659,26492.8390657328,6081.32230822794,388.863076554148,42.8519115072718,198.190090721132,878.464185899073,593.377336848893,1266.58392201153,404.707288690075,1513.24801950083,16144.5876366224,1021.9337274551,1402.98350551918,383.239915563323,6415.3701020369,378.792838086313,1121.68985733462,928.509937460323,666.782304082245,1857.01987492065,500.617330727333,3492.47931028747,4585.3694038377,66309.6338917272,10148.7308219903,2612.84116130704,18621.8472137613,13804.917539523,30352.3566749972,8569.24439099952,25130.3934273543,34075.355308322,17428.6966547691,25514.5981463035,25450.1067616864,4096.73308188215,0,0,0
0,198.986024528472,19888.1158961903,23329.0527443095,504.022744475823,1314.58908767202,8374.0378286424,4984.89489624604,408.057810111611,366.384518845962,5116.28238055648,3703.67474952686,6793.88617508318,18175.2092382941,4932.58960214951,5330.0598695465,2705.54317068735,879.071459047397,875.223261974511,508.866449148853,171.407646029087,1316.97546387485,202.353644345038,846.887474481083,998.782257617111,2977.36460979708,1324.22653980707,2305.48638807161,6483.00259534032,3065.60587841674,645.734271228571,355.201788155962,1346.02782880154,1638.91351377225,1346.02782880154,2384.81489817048,2656.76977797204,13537.1877711293,34161.2535454066,16481.4538693933,18004.4766185092,12655.2991210485,13047.4169360722,20193.1986625377,22713.2951198638,13830.522063556,24678.7017686103,81099.8804439922,4999.63378167518,24391.9258899393,0,0,0,0
0,49.7917937622018,4433.78351140231,10927.8777456132,3794.01736226306,2611.67591297671,4018.59682920894,6492.80730245263,1297.81900905084,604.913389534704,9224.92919040423,1821.61418439428,6104.66861597295,8448.37865535533,2639.22302050015,2940.09596115075,4466.7693344312,3372.56073908396,614.803292602529,119.958321658845,35.3348066191553,726.974203758098,2548.15700286344,4661.62839935605,29441.7051061804,3627.34165112842,1394.2816245461,2330.61430510781,18060.6903697708,4510.4611079984,1889.36468875851,486.216711666576,990.826040645579,2561.19184091404,3138.72446829321,2320.73578174617,7749.22693622945,9443.71683385945,3910.68739688697,18933.778143797,14147.8750221481,17202.6427622813,8945.86065367841,5017.22429989379,50334.321525621,21768.1024712199,27376.7566837025,24330.9421277845,74243.6874152326,12949.9494614345,0,0,0,0
0,1440.5925366056,2601.00682267045,678.965476939202,985.125298099013,1912.89931996129,13761.9294519229,1793.39096854667,926.698492550986,714.897642177377,2907.70867924068,1965.96851598779,3498.87403719505,4578.78424639598,2864.48230118821,4265.89580134945,3350.0770008234,4241.9319518256,566.392162945478,314.772335647836,22.4837382605597,1041.74653940593,322.266915068023,1334.03513679321,3603.86304639742,2630.68868681595,427.174589615448,904.605013303301,1702.41637920274,892.041054785199,1162.16616292438,909.27518646555,130.863816689039,1321.10138752744,2754.60909870955,2690.56388770256,7074.41701747275,3474.71980987481,4498.0961922352,10237.4928284332,16461.1713170527,3992.7809761169,34797.9588043167,14317.5303687499,17329.9280928252,20629.4779556532,23588.063159213,11658.5450097851,13885.6691765445,0,0,0,0,0
0,17344.7341407314,16868.0289740728,8816.42632402627,993.433727430379,4089.60481772402,4985.17921331482,6702.65020969102,1813.53303136832,1464.16536330559,4523.10238992994,1292.31496855141,2708.36222132583,3030.01180368969,4765.15196945634,3717.0534232863,779.436259699404,741.963362598471,1176.64896896929,382.223550429515,1611.33457534011,11136.9450183972,28471.9072172888,375.68843238729,3352.97981991815,1057.65890955605,917.168971821402,483.712402946904,3844.57130653903,1790.36408882945,169.613439994369,584.224071091715,112.370461495562,380.128229430065,7797.33806308943,1288.14641727844,4664.33662385501,10657.8000531564,4844.80359440539,932.804541419255,27461.0523918283,20351.311571838,23574.5238841863,17640.8978057488,16772.429161834,28018.4549864184,12894.2807697703,46818.2290750659,21353.0681162049,0,0,0,0,0
1739.18808055658,12918.186164616,13876.8350162481,8895.00409875021,2039.42267990728,9947.52999425299,4849.93514562318,3082.46126074488,1947.49915674899,1873.13077851949,16493.1122524809,3189.54332663753,2564.00788973232,2867.01655880479,3482.87098641943,2937.67324383173,970.326286572513,779.436259699404,97.4295324624255,112.418691302799,213.504682892264,1742.24045924913,367.234391589142,3324.82579669809,2411.79250204639,3405.96587642042,691.017718495577,1714.98033772084,3027.91400286244,3461.37057173694,144.485522958166,125.639585181014,75.1319064059832,130.863816689039,1915.51158395542,14782.518966026,3106.09499005044,8537.72863277717,8253.99435548389,2008.41008603392,10357.5729048159,33068.1093275647,12825.5571484708,38385.4341921863,18645.0885067476,15520.0216467058,49077.8221755936,285485.832372048,10292.5701355232,0,0,0,0,0
5616.21808339636,16894.6385638225,6308.13170727673,898.062906198682,650.332456024802,29391.0810565069,4601.09096275967,3745.88364353227,3484.871347004,3452.67854010327,2186.98713299715,3285.77954769987,3237.6614371687,2029.31514392087,2342.10957641545,2249.53607537136,2180.83288288256,951.811586363695,67.4512147816792,681.825066070872,628.999687797353,1764.04402445509,1468.93756635657,6705.95963983629,4127.54878240624,3448.38083963717,3744.05963839422,678.453759977476,4749.17631984233,3511.62640580934,18.8459377771521,244.997191102977,0,0,851.838759813165,966.109812958833,8819.64764733386,2293.58756302787,7028.68214607633,5528.50335364816,26228.7675930145,72902.4367128507,20549.3755685126,18603.9314690005,31162.9072872373,52682.4890735978,49040.4211733836,175517.269125608,0,0,0,0,0,0
11019.500512473,22111.2054133846,6365.0945500474,7727.71719149877,6756.94021773293,12291.0763257521,6464.4611345938,2499.48119460845,2784.67779691313,3275.61810214926,3411.02170730904,7873.86188173149,1199.84201756611,2301.74266714332,13025.0915969033,2693.88888038299,785.566700922798,690.377083974793,239.82654144597,2134.75321400516,1122.78009530896,1628.05162789509,2022.54165431157,2788.26742919509,8562.38336996364,8282.93014133635,1903.43971549236,898.32303404425,2550.48357917458,4058.15860134675,12.5639585181014,12.5639585181014,0,114.271053145668,176.600718497851,4092.98135812667,3667.06197822009,6011.86521405971,12719.8025740651,9367.94848215752,13898.6873071364,14691.416807544,85420.7918052758,13315.1327712766,13494.8612521612,99281.3860120851,307592.602683017,277314.174305494,0,0,0,0,0,0
50559.7344581863,26532.3356593163,10624.9101720704,14698.6792317145,3061.80771863205,7224.14282003387,3067.39397517311,3400.11405583433,3718.2691970343,3959.71524878977,25609.3778895306,1400.38710018175,3612.02745126882,1694.09506910683,1370.08781545252,5822.8732156732,3721.45474197238,1529.19722660211,2365.45022553599,2312.46642190127,200.71869385008,6512.20651158036,6036.05526753755,8341.27260463847,7528.60926404449,9428.74197952972,6904.61864688122,1828.05596438375,6426.46478200887,584.224071091715,320.380942211586,56.5378133314563,62.819792590507,477.860767700068,2690.56388770256,10118.182342171,498.637322817462,6087.53064939652,6220.49637099578,11443.594101653,11440.4495747323,12913.7056117736,117682.266462932,30042.2644930264,10995.7603064889,56408.4801958792,698401.497179797,730244.525017744,0,0,0,0,0,0
14918.5374881565,21345.9087992663,30456.9778667177,14137.5754820422,14742.0267111699,6537.46041349233,3927.55967180913,3848.05351095121,3509.01595217955,2857.11161243977,4885.25844718575,5676.40051301208,6190.21799893475,3971.40319479142,4536.10155116036,2119.93317390964,2471.71247787718,5125.05093796528,7147.81570877228,111.510385472266,9645.64834335104,4146.07550628741,7891.25625195546,2811.79711214188,8166.85999386505,12945.1990292724,9448.0025845428,1551.64887698552,3505.34442655029,2248.94857474015,1438.57325032261,113.075626662913,144.485522958166,772.378602017965,2306.19761803076,5765.49404507691,675.238041315313,6108.30720451391,862.227037371862,10391.1301953937,18096.0363125783,8524.21625597264,15909.714826946,16510.7093760698,26832.7090513019,120796.587697644,509272.696947029,328045.515974568,0,0,0,0,0,0
12047.0245017913,18273.0152811228,19092.2228627579,8436.56296994675,14171.7902673636,10528.4888263483,8906.41808339963,7661.68789103565,4764.53542130801,4997.93327133831,2607.61735895912,4105.04322875083,8340.87244407242,4628.67505220445,8479.73269563855,7368.85068310948,2203.24932484932,1478.24528934711,2910.42106082615,1661.50474353677,4371.20711051284,6239.59791298188,3895.12289354191,2679.96263326514,8992.80018020384,2060.92720864038,7522.38431153737,4385.75229761985,2556.24138827977,1055.37251552052,2368.30618066211,829.221262194692,741.273552567983,1117.36744241437,31975.1183256698,2316.58589558946,7791.20816902285,290.87177164352,4726.66628920719,4814.81681875426,8310.5057419594,9349.33823137058,11701.0608197817,52713.4599348181,35283.4743878434,76390.1412847103,372820.665927591,22891.445578348,0,0,0,0,0,0
13035.5064345846,14465.6235581536,9218.36062133159,998.015980144163,6558.73074428257,14908.1675799318,6871.56494096711,5606.56981736499,5504.9699800248,4193.11309882006,2104.27394728035,2379.22820896825,2212.50667495373,6544.94652381709,61977.9589490176,7878.00493885197,6191.32265576114,15455.3394264561,7627.31036630302,3657.54064349034,3813.65518315151,29279.6907179337,25725.7716763652,6576.54638362892,631.158957646115,9287.0532339357,8694.53666145159,11309.3380574141,15296.2551270547,1746.39023401609,917.168971821402,1042.80855700242,986.27074367096,5321.36831269677,7469.17156470324,6014.81270648564,11427.1053145668,10055.8526768188,3106.09499005044,1019.32610110613,6069.16509384803,6655.3563219144,45974.7349694638,9148.50889617062,4580.93757592401,180129.483870653,203405.434816529,0,0,0,0,0,0,0
4078.65406754249,4553.07882065769,0,0,4088.41932908404,12027.9354932156,6973.28302765011,3658.86459158901,2022.34045700958,1975.46728811173,1981.12230898069,2061.13534775234,980.232422039695,1397.85986576574,8007.6078403137,7165.18898081249,12092.5379199062,5140.20044550782,4627.68099709906,43946.9948688551,13322.7632531756,9647.43225800035,4779.66644066332,4317.6968207367,593.121878151452,5751.23524239658,2682.09449730398,1715.06729580366,77.2052718930794,225.13566893677,235.856415076616,81.6657303676591,138.203543699115,5071.79865695415,5547.34021634427,6399.17897615743,4113.75791324406,6523.8383068618,0,2715.67689520681,9717.71948446976,26453.2103023764,42920.6492940333,4928.62822905005,7967.76890978808,72154.2097688012,52494.6852084598,0,0,0,0,0,0,0
0,0,0,0,0,23796.9737202095,9004.04648628845,3055.13565107295,1450.54676436872,905.244791259175,2303.58640566611,4022.57686548342,5692.85099648,1609.0147994621,3793.61077946936,1518.20541712306,2249.53607537136,3057.68815351368,5084.87357753535,2889.47116099879,10723.3540711602,7232.54051865315,5109.94894602081,4337.98620566804,3203.1027280855,5464.8543666358,5155.23433023027,2380.00564304585,246.577161216462,107.207461398462,450.271337873539,303.039688683004,527.686257760259,442.834700343492,831.06220469577,7126.35840526623,2368.52728338295,9806.53401541009,884.610541308437,1732.16147910488,5343.2777830015,44142.0516879348,21333.5315119437,1085.91052452627,270.813871642247,12767.5683477513,417.431968578422,0,0,0,0,0,0,0
0,0,0,0,0,388.345899332521,6481.51506797906,6354.29828266711,3493.35829758002,1981.02406179338,2479.85054986607,3076.08819125203,3925.14420784195,2512.37067204068,5916.12605809722,8705.89420992726,3799.32304199822,3090.6284443081,3683.15399993002,7136.94802729394,19964.2562323922,2736.83686571415,2392.38419410444,2900.84037334211,9276.32076663196,6269.04537802191,25493.9343205542,5639.11246955909,493.154322432924,214.414922796923,117.928207538308,1014.74655733399,1086.78241181577,0,0,664.849763756616,463.780095757216,3770.94475380706,17657.0580996899,18375.8738476473,13802.2468360194,5560.55805617405,6848.50599237598,631.899033831911,236.298378197647,3605.54154598208,0,0,0,0,0,0,0,0
0,0,0,0,0,0,2248.59844441932,3026.57335264476,7865.07536251134,2268.6752162445,2676.65614773853,5435.35040128469,3069.12871570621,4934.26816198572,1707.60194737372,4118.40689495723,2084.64134751895,3527.76625051482,4878.63451662784,6390.56708503267,7862.00652390073,8383.70891591886,1111.33473503872,5108.55330601718,2793.93044739481,1423.39720978795,4331.18144049785,8437.22721205894,3773.70264122585,4781.45277837139,4213.25323295955,1438.02755082245,1775.82375976301,3519.99534206758,1896.49468991034,14566.9362470375,22104.6659621417,4985.51669306837,12236.5233872312,11313.9830544525,4492.59857750111,2667.88476950478,6014.73635267687,2036.41411323141,902.712905474158,1826.66611460653,0,0,0,0,0,0,0,0
0,0,0,0,0,0,582.226382930003,3101.86124698916,12608.2127062084,4155.89176781071,3589.55687505418,6019.94634713349,11016.8497890316,842.096541044107,1262.52926680725,3308.02242000659,9033.44583924878,6204.98879965734,5978.72158463023,3789.82628529591,6855.06362150259,1874.9508757646,15908.7890696678,3279.46104343598,1916.56814226778,3730.91931694795,3635.96705416655,6185.87052269124,15437.8744413785,15100.4320975659,4472.09169217883,10941.1556581395,15765.1680022328,23995.7242151556,29406.2788118403,32001.5760671816,18535.7366937831,27972.4787550378,20997.960300858,5613.60200378801,1886.8875482402,822.252733838503,5675.09670727592,6239.50918859406,2738.85917146132,2169.16601109526,0,0,0,0,0,0,0,0
0,0,0,0,0,0,0,722.763785706211,35.1343506940519,938.589082826816,376.439471721985,0,13.9189510916381,403.649581657506,6674.7671314926,23890.1855835388,3611.42092598353,6479.02615989457,2642.50311657332,2370.04247021363,5237.58206282527,5506.44101439227,4898.02798428086,6175.60845841841,6269.30734537373,3977.94365528469,1028.03791388063,3366.3142879117,7493.80155175247,7948.3490157875,7617.9083009391,4256.55299008815,6864.34452154142,1949.10153066048,23131.4088103913,11015.3262814021,20880.7671255407,29834.553962055,23778.4492931436,3670.22896766949,932.634032305773,932.743245507695,12824.7764529631,12872.4323379346,33751.835077908,13826.1567187521,0,0,0,0,0,0,0,0
0,0,0,0,0,0,0,0,0,0,0,0,0,0,11323.6152069457,5010.9688729094,8886.64011055026,2446.76214497529,3033.98505976936,2515.2714850346,9.78704857990117,6367.30238341678,3126.13559205456,5468.60776593741,3867.20860706477,1712.13420709255,3032.43670509925,2679.27606782871,4237.32124542963,5458.06662347886,13757.7589615773,12330.7711021632,16857.9889356634,74004.4553105961,25694.0033428472,35354.4301569721,25146.6531029818,12223.8961073102,121672.651299427,2682.69973464187,936.623930046142,4003.88054112392,13540.5504155132,12420.6667767113,16363.9956492184,4893.72446720123,0,0,0,0,0,0,0,0
0,0,0,0,0,0,0,0,0,0,0,0,0,0,2955.68867113015,25387.6040162636,2290.16936769687,0,97.8704857990117,812.325032131797,0,851.808063230126,1541.77259444653,6260.78926474142,22419.5882242169,8245.50205206762,8407.34558408134,8777.7769897465,16031.0056889324,10030.6068468292,4404.96095675685,2765.9306872892,10825.8662893028,19352.2929784895,17308.2631617787,19542.1187229444,25665.3502458623,19935.0969718426,24061.4878575265,2988.99222403012,1553.85523150774,8222.48365310426,16865.05427463,17223.5592098084,29345.5682044131,1557.09414865494,0,0,0,0,0,0,0,0
0,0,0,0,0,0,0,0,0,0,0,0,0,0,0,58.722291479407,0,0,0,0,0,0,3458.34073671431,1056.24199840536,315.168983395147,264.060499601339,3006.88246320234,808.749245874114,4724.86495650641,341.340053892098,0,1728.19598334318,9573.30524679013,20672.1020395331,6858.89132875448,0,3266.14773460145,11566.8012967986,3364.21169470333,1050.90009290105,2651.64888700951,13822.663249415,3797.15341403223,25292.9745115317,19469.9722834582,10212.99019242,0,0,0,0,0,0,0,0
0,0,0,0,0,0,0,0,0,0,0,0,0,0,0,0,0,0,0,0,0,0,34.072322529205,519.602918570377,1473.62794938812,0,0,0,0,0,0,106.224812214947,911.0820432282,0,0,0,0,560.463220730427,7034.05444493542,6379.33322725862,7324.71905879689,3876.50234617012,9159.8258279423,18452.390211729,13012.1884131695,17980.3656584173,0,0,0,0,0,0,0,0
0,0,0,0,0,0,0,0,0,0,0,0,0,0,0,0,0,0,0,0,0,0,0,281.096660865941,264.060499601339,0,0,0,0,0,0,0,0,0,0,0,0,0,5090.79240983221,8871.9802314936,9497.41582659243,9870.43567317815,11874.0395600577,11111.4213022153,9327.48369298446,9240.44495151076,0,0,0,0,0,0,0,0
0,0,0,0,0,0,0,0,0,0,0,0,0,0,0,0,0,0,0,0,0,0,0,0,0,0,0,0,0,0,0,0,0,0,0,0,0,0,0,0,3608.07787664391,4192.17788805783,58471.8507697137,21719.6411301054,11817.521238714,3741.8144498118,0,0,0,0,0,0,0,0
0,0,0,0,0,0,0,0,0,0,0,0,0,0,0,0,0,0,0,0,0,0,0,0,0,0,0,0,0,0,0,0,0,0,0,0,0,0,0,0,8764.59866845651,12799.4408461063,28254.3764914891,18404.5089319831,7432.67033707752,15826.273567881,0,0,0,0,0,0,0,0
0,0,0,0,0,0,0,0,0,0,0,0,0,0,0,0,0,0,0,0,0,0,0,0,0,0,0,0,0,0,0,0,0,0,0,0,0,0,0,0,1672.26973257418,11925.9109457678,19221.902465649,9058.46312328866,10388.2669647499,14777.9831383618,0,0,0,0,0,0,0,0
0,0,0,0,0,0,0,0,0,0,0,0,0,0,0,0,0,0,0,0,0,0,0,0,0,0,0,0,0,0,0,0,0,0,0,0,0,0,0,0,426.646850565926,35383.5644257619,33139.4741885359,36181.3425386667,37549.1808018079,0,0,0,0,0,0,0,0,0
0,0,0,0,0,0,0,0,0,0,0,0,0,0,0,0,0,0,0,0,0,0,0,0,0,0,0,0,0,0,0,0,0,0,0,0,0,0,0,0,0,2000.70821337896,31469.2478142538,7367.85329098102,0,0,0,0,0,0,0,0,0,0
0,0,0,0,0,0,0,0,0,0,0,0,0,0,0,0,0,0,0,0,0,0,0,0,0,0,0,0,0,0,0,0,0,0,0,0,0,0,0,0,0,0,61275.8681342734,0,0,0,0,0,0,0,0,0,0,0
0,0,0,0,0,0,0,0,0,0,0,0,0,0,0,0,0,0,0,0,0,0,0,0,0,0,0,0,0,0,0,0,0,0,0,0,0,0,0,0,0,0,15915.6357714185,0,0,0,0,0,0,0,0,0,0,0
0,0,0,0,0,0,0,0,0,0,0,0,0,0,0,0,0,0,0,0,0,0,0,0,0,0,0,0,0,0,0,0,0,0,0,0,0,0,0,0,0,0,0,0,0,0,0,0,0,0,0,0,0,0
0,0,0,0,0,0,0,0,0,0,0,0,0,0,0,0,0,0,0,0,0,0,0,0,0,0,0,0,0,0,0,0,0,0,0,0,0,0,0,0,0,0,0,0,0,0,0,0,0,0,0,0,0,0
